SalePrice,GarageCars,TotRmsAbvGrd,FullBath,GrLivArea,1stFlrSF,TotalBsmtSF,MasVnrArea,Lst_remod,old,OverallQual,EnclosedPorch,KitchenAbvGr,BsmtHalfBath,LowQualFinSF,BsmtFinSF2,OverallCond,MSSubClass,Last_sold,MiscVal,3SsnPorch
208500,2,8,2,1710,856,856,196.0,17,17,7,0,1,0,0,0,5,60,12,0,0
181500,2,6,2,1262,1262,1262,0.0,44,44,6,0,1,1,0,0,8,20,13,0,0
223500,2,6,2,1786,920,920,162.0,18,19,7,0,1,0,0,0,5,60,12,0,0
140000,3,7,1,1717,961,756,0.0,50,105,7,272,1,0,0,0,5,70,14,0,0
250000,3,9,2,2198,1145,1145,350.0,20,20,8,0,1,0,0,0,5,60,12,0,0
143000,2,5,1,1362,796,796,0.0,25,27,5,0,1,0,0,0,5,50,11,700,320
307000,2,7,2,1694,1694,1686,186.0,15,16,8,0,1,0,0,0,5,20,13,0,0
200000,2,7,2,2090,1107,1107,240.0,47,47,7,228,1,0,0,32,6,60,11,350,0
129900,2,8,2,1774,1022,952,0.0,70,89,7,205,2,0,0,0,5,50,12,0,0
118000,1,5,1,1077,1077,991,0.0,70,81,5,0,2,0,0,0,6,190,12,0,0
129500,1,5,1,1040,1040,1040,0.0,55,55,5,0,1,0,0,0,5,20,12,0,0
345000,3,11,3,2324,1182,1175,286.0,14,15,9,0,1,0,0,0,5,60,14,0,0
144000,1,4,1,912,912,912,0.0,58,58,5,0,1,0,0,0,6,20,12,0,0
279500,3,7,2,1494,1494,1494,306.0,13,14,7,0,1,0,0,0,5,20,13,0,0
157000,1,5,1,1253,1253,1253,212.0,60,60,6,176,1,0,0,0,5,20,12,0,0
132000,2,5,1,854,854,832,0.0,19,91,7,0,1,0,0,0,8,45,13,0,0
149000,2,5,1,1004,1004,1004,180.0,50,50,6,0,1,0,0,0,7,20,10,700,0
90000,2,6,2,1296,1296,0,0.0,53,53,4,0,2,0,0,0,5,90,14,500,0
159000,2,6,1,1114,1114,1114,0.0,16,16,5,0,1,0,0,0,5,20,12,0,0
139000,1,6,1,1339,1339,1029,0.0,55,62,5,0,1,0,0,0,6,20,11,0,0
325300,3,9,3,2376,1158,1158,380.0,14,15,8,0,1,0,0,0,5,60,14,0,0
139400,1,6,1,1108,1108,637,0.0,70,90,7,205,1,0,0,0,7,45,13,0,0
230000,2,7,2,1795,1795,1777,281.0,18,18,8,0,1,0,0,0,5,20,12,0,0
129900,2,6,1,1060,1060,1040,0.0,44,44,5,0,1,0,0,0,7,120,13,0,0
154000,1,6,1,1060,1060,1060,0.0,19,52,5,0,1,0,0,668,8,20,10,0,0
256300,3,7,2,1600,1600,1566,640.0,13,13,8,0,1,0,0,0,5,20,11,0,0
134800,2,5,1,900,900,900,0.0,20,69,5,0,1,1,0,486,7,20,10,0,0
306000,3,7,2,1704,1704,1704,200.0,12,13,8,0,1,0,0,0,5,20,10,0,0
207500,1,6,1,1600,1600,1484,0.0,23,63,5,0,1,0,0,0,6,20,14,0,0
68500,1,4,1,520,520,520,0.0,70,93,4,87,1,0,0,0,6,30,12,0,0
40000,1,6,1,1317,649,649,0.0,70,100,4,172,1,0,0,0,4,70,12,0,0
149350,1,6,1,1228,1228,1228,0.0,14,54,5,0,1,0,0,0,6,20,12,0,0
179900,2,7,2,1234,1234,1234,0.0,13,13,8,0,1,0,0,0,5,20,12,0,0
165500,2,6,1,1700,1700,1398,0.0,61,61,5,0,1,1,0,0,5,20,10,0,0
277500,2,6,2,1561,1561,1561,246.0,15,15,9,0,1,0,0,0,5,120,13,0,0
309000,3,9,3,2452,1132,1117,132.0,15,16,8,0,1,0,0,0,5,60,14,0,0
145000,2,6,1,1097,1097,1097,0.0,25,26,5,0,1,0,0,0,5,20,11,0,0
153000,2,5,1,1297,1297,1297,650.0,30,66,5,0,1,1,0,0,6,20,11,0,0
109000,1,5,1,1057,1057,1057,0.0,13,67,5,0,1,0,0,0,7,20,10,0,0
82000,0,6,2,1152,1152,0,0.0,65,65,4,0,2,0,0,0,5,90,12,0,0
160000,2,6,2,1324,1324,1088,101.0,55,55,6,0,1,0,0,0,5,20,14,0,0
170000,1,5,1,1328,1328,1350,0.0,61,61,5,0,1,1,0,0,6,20,13,0,0
144000,2,5,1,884,884,840,0.0,37,37,5,0,1,0,0,93,7,85,13,0,0
130250,1,5,1,938,938,938,0.0,40,45,5,0,1,0,0,491,6,20,12,0,0
141000,1,6,1,1150,1150,1150,0.0,61,61,5,0,1,0,0,506,6,20,14,0,0
319900,2,6,2,1752,1752,1752,412.0,15,15,9,0,1,0,0,0,5,120,10,0,0
239686,2,6,1,2149,1518,1434,0.0,17,17,7,0,1,0,0,0,5,50,11,0,0
249700,3,7,2,1656,1656,1656,0.0,14,14,8,0,1,0,0,0,5,20,13,0,0
113000,0,8,2,1452,736,736,0.0,12,100,4,102,3,0,0,0,5,190,11,0,0
127000,1,6,1,955,955,955,0.0,54,54,5,0,1,0,0,0,7,20,13,0,0
177000,2,6,2,1470,794,794,0.0,23,23,6,0,1,1,0,0,6,60,13,0,0
114500,2,6,1,1176,816,816,0.0,70,86,6,0,1,0,360,0,6,50,14,400,0
110000,2,5,1,816,816,816,0.0,57,57,5,0,1,0,0,712,5,90,10,0,0
385000,3,5,0,1842,1842,1842,0.0,33,39,9,0,1,0,0,0,5,20,14,0,0
130000,2,6,1,1360,1360,384,0.0,65,65,5,0,1,0,0,0,5,80,13,0,0
180500,2,7,2,1425,1425,1425,272.0,56,56,6,0,1,0,0,0,5,20,12,0,407
172500,2,7,2,1739,983,970,456.0,20,21,8,0,1,0,0,0,5,160,11,0,0
196500,2,7,2,1720,860,860,0.0,16,16,7,0,1,0,0,0,5,60,14,0,0
438780,3,10,3,2945,1426,1410,1031.0,14,14,10,37,1,0,0,0,5,60,14,0,0
124900,1,4,1,780,780,780,0.0,48,48,5,0,1,0,0,0,7,20,12,0,0
158000,2,5,1,1158,1158,1158,0.0,16,16,6,0,1,0,0,0,5,20,14,0,0
101000,1,6,1,1111,581,530,0.0,24,100,5,144,1,0,0,0,7,75,13,0,0
202500,2,6,2,1370,1370,1370,178.0,14,14,8,0,1,0,0,0,5,120,13,0,0
140000,2,9,2,1710,902,576,0.0,70,99,7,64,1,0,0,0,6,70,10,0,0
219500,2,8,2,2034,1057,1057,573.0,22,23,7,0,1,0,0,0,5,60,11,0,0
317000,3,9,2,2473,1143,1143,344.0,15,16,8,0,1,0,0,0,5,60,13,0,0
180000,2,7,2,2207,2207,1947,287.0,31,50,7,0,1,0,0,0,5,20,10,0,0
226000,2,7,2,1479,1479,1453,167.0,17,17,7,0,1,0,0,0,5,20,13,0,0
80000,1,4,1,747,747,747,0.0,70,75,4,0,1,0,0,0,6,30,10,0,0
225000,2,7,2,2287,1304,1304,0.0,67,67,7,114,1,0,0,0,4,50,14,0,0
244000,2,8,2,2223,2223,2223,1115.0,47,47,7,0,1,0,0,0,6,20,13,0,0
129500,2,4,1,845,845,845,0.0,14,38,4,0,1,0,0,0,6,20,13,0,0
185000,2,7,2,1718,885,832,40.0,22,22,7,0,1,0,0,0,5,60,11,0,0
144900,2,6,1,1086,1086,1086,104.0,17,66,5,0,1,0,0,362,7,20,10,0,0
107400,1,8,2,1605,840,840,0.0,70,105,3,202,2,0,0,0,6,50,10,0,0
91000,1,5,1,988,526,462,0.0,47,47,4,0,1,0,0,0,5,180,11,0,0
135750,1,4,1,952,952,952,0.0,64,64,4,0,1,0,0,0,7,20,12,0,0
127000,1,6,1,1285,1072,672,0.0,19,72,5,0,1,0,0,41,5,50,12,0,0
136500,0,8,2,1768,1768,1768,0.0,52,52,4,0,2,0,0,0,5,90,10,0,0
110000,2,5,1,1230,682,440,0.0,39,110,5,128,1,0,0,0,6,50,11,0,0
193500,1,8,2,2142,1182,896,576.0,52,52,6,0,1,0,0,0,6,60,11,0,0
153500,2,5,2,1337,1337,1237,443.0,22,22,6,0,1,0,0,0,5,120,14,0,0
245000,3,6,2,1563,1563,1563,468.0,13,13,8,0,1,0,0,0,5,20,12,0,0
126500,2,6,1,1065,1065,1065,66.0,60,60,5,0,1,0,0,0,5,20,13,0,0
168500,2,7,2,1474,804,384,22.0,24,25,7,0,1,0,0,0,5,80,11,700,0
260000,2,9,2,2417,1301,1288,284.0,28,29,8,0,1,0,0,0,5,60,14,0,0
174000,2,6,2,1560,684,684,0.0,15,15,6,0,1,0,0,0,5,60,11,0,0
164500,2,4,2,1224,612,612,76.0,11,11,6,0,1,0,0,0,5,160,11,0,0
85000,0,6,1,1526,1013,1013,0.0,38,105,3,156,1,0,513,0,2,50,11,0,0
123600,0,5,1,990,990,990,0.0,25,26,4,0,1,0,0,0,5,20,13,0,0
109900,2,4,1,1040,1040,0,0.0,70,70,4,0,1,0,0,0,5,20,14,0,0
98600,2,6,1,1235,1235,1235,203.0,59,59,5,0,1,0,0,0,3,20,14,0,0
163500,2,5,1,964,964,876,0.0,14,99,5,44,1,0,0,0,7,30,11,0,0
133900,2,9,2,2291,1260,1214,0.0,22,110,6,0,2,1,0,0,6,190,13,0,0
204750,2,7,2,1786,905,824,0.0,23,23,6,0,1,0,0,0,5,60,13,0,0
185000,2,6,2,1470,680,680,68.0,27,27,6,0,1,0,0,0,8,60,11,480,0
214000,2,6,2,1588,1588,1588,183.0,21,21,7,0,1,0,0,0,5,20,14,0,0
94750,1,6,1,960,960,960,48.0,55,55,4,0,1,0,0,0,5,20,13,0,0
83000,1,5,1,835,835,458,0.0,70,100,5,77,1,0,0,0,5,30,10,400,0
128950,0,6,1,1225,1225,950,0.0,61,61,4,0,1,0,0,0,5,20,10,400,0
205000,2,6,2,1610,1610,1610,28.0,19,43,6,0,1,0,0,0,7,20,10,0,0
178000,2,7,2,1732,977,741,336.0,35,35,6,0,1,0,0,0,5,60,10,0,0
118964,2,8,2,1535,1535,0,0.0,41,41,5,0,2,0,0,0,5,90,11,0,0
198900,3,6,2,1226,1226,1226,0.0,11,11,7,0,1,0,0,0,5,20,10,0,0
169500,1,7,1,1818,1226,1040,600.0,70,89,7,0,1,0,0,0,4,50,13,0,0
250000,2,9,2,1992,1053,1053,768.0,16,17,8,0,1,0,0,0,5,60,12,0,0
100000,1,6,1,1047,1047,641,0.0,25,135,4,0,1,0,0,0,7,30,13,450,0
115000,1,5,1,789,789,789,0.0,70,72,5,0,1,0,0,169,5,20,12,0,0
115000,0,7,2,1517,997,793,0.0,15,101,5,144,1,0,0,0,7,50,13,0,0
190000,2,7,2,1844,1844,1844,480.0,43,43,6,0,1,0,0,0,6,20,10,0,0
136900,1,7,2,1855,1216,994,0.0,48,66,6,0,1,0,0,0,4,50,14,0,0
180000,2,7,2,1430,774,384,0.0,20,20,7,0,1,0,0,0,5,80,10,0,0
383970,3,10,2,2696,1282,1264,220.0,13,13,7,0,1,0,0,0,5,60,13,0,0
217000,2,7,2,2259,2259,1809,184.0,67,67,6,192,1,0,0,869,5,20,13,0,0
259500,1,9,2,2320,1436,1028,0.0,18,75,6,0,1,0,0,150,8,70,13,0,0
176000,2,5,2,1458,729,729,1129.0,21,21,6,0,1,0,0,0,5,160,13,0,0
139000,1,6,1,1092,1092,1092,116.0,58,58,5,144,1,1,0,670,5,20,11,0,0
155000,2,5,1,1125,1125,1125,0.0,13,14,5,0,1,0,0,0,5,20,13,0,0
320000,3,11,3,3222,1699,1673,0.0,30,30,7,0,1,0,0,0,5,60,10,0,0
163990,2,8,2,1456,728,728,0.0,14,15,6,0,1,0,0,0,5,60,14,0,0
180000,2,4,1,988,988,938,0.0,51,51,6,0,1,0,0,0,5,80,14,0,130
100000,1,4,1,1123,772,732,0.0,70,81,4,140,1,0,0,0,5,50,13,0,0
136000,1,5,1,1080,1080,1080,135.0,62,62,6,0,1,0,0,0,7,20,12,0,0
153900,2,5,2,1199,1199,1199,0.0,27,27,6,0,1,0,0,0,5,120,12,0,0
181000,2,7,2,1586,1586,1362,0.0,22,41,6,0,1,0,0,0,5,20,11,0,0
84500,0,5,1,754,520,520,0.0,38,85,6,0,1,0,234,0,8,190,14,0,0
128000,2,5,2,958,958,1078,0.0,44,44,6,0,1,0,0,0,5,120,13,0,0
87000,0,5,1,840,840,672,0.0,70,90,5,0,1,0,0,0,7,45,13,0,0
155000,2,6,1,1348,660,660,266.0,54,54,6,0,1,0,0,0,5,60,14,0,0
150000,2,6,1,1053,1053,1008,85.0,29,62,5,0,1,1,0,28,7,20,14,0,180
226000,2,8,2,2157,1216,924,309.0,54,54,7,0,1,0,0,0,6,60,14,0,0
244000,2,7,2,2054,1022,992,40.0,20,20,6,0,1,0,0,0,5,60,11,0,0
150750,2,7,1,1327,1327,1063,0.0,18,61,5,0,1,0,0,0,6,20,13,0,0
220000,2,6,2,1296,1296,1267,136.0,18,19,8,0,1,0,0,0,5,20,11,0,0
180000,2,7,2,1721,1721,1461,0.0,27,52,5,180,1,0,0,0,6,20,14,0,0
174000,2,7,2,1682,1682,1304,288.0,50,50,7,0,1,0,0,0,6,20,12,0,0
143000,1,5,2,1214,1214,1214,196.0,53,53,5,0,1,0,0,0,5,20,13,0,0
171000,3,9,3,1959,1959,1907,70.0,31,32,7,0,2,0,0,0,5,90,14,0,0
230000,3,7,2,1852,1004,1004,320.0,20,21,8,0,1,0,0,0,5,60,12,0,0
231500,2,7,2,1764,928,928,0.0,23,23,6,0,1,0,0,0,5,60,11,0,0
115000,0,5,1,864,864,864,0.0,49,49,4,0,1,0,0,0,5,20,10,0,0
260000,2,7,2,1734,1734,1734,0.0,15,15,7,0,1,0,0,0,5,20,14,0,0
166000,2,6,2,1385,910,910,0.0,68,68,5,0,1,0,0,0,4,50,10,0,0
204000,2,6,2,1501,1501,1490,183.0,21,21,7,0,1,0,0,0,5,20,11,0,0
125000,2,10,2,1728,1728,1728,336.0,57,57,5,0,2,0,0,0,5,90,14,0,0
130000,2,7,2,1709,970,970,50.0,14,16,6,0,1,0,0,0,5,160,14,0,0
105000,1,5,1,875,875,715,0.0,27,89,5,0,1,0,0,0,7,30,11,0,0
222500,2,8,2,2035,884,884,180.0,19,19,7,0,1,0,0,0,5,60,10,0,0
141000,0,6,1,1080,1080,1080,120.0,15,16,7,0,1,0,0,0,5,20,12,0,0
115000,1,7,1,1344,896,896,0.0,70,84,5,0,1,0,0,0,4,50,14,0,0
122000,2,5,1,969,969,969,0.0,45,45,5,0,1,0,0,0,6,20,13,0,0
372402,3,6,2,1710,1710,1710,436.0,12,13,8,0,1,0,0,0,5,20,12,0,0
190000,2,8,2,1993,1097,825,252.0,49,49,6,0,1,0,0,0,5,60,14,0,0
235000,2,4,1,1252,1252,1602,0.0,45,60,6,0,1,0,0,1080,7,20,12,0,0
125000,1,7,1,1200,1200,1200,0.0,70,97,6,228,1,0,0,0,5,30,14,0,0
79000,0,5,1,1096,572,572,0.0,70,96,6,128,1,0,0,0,5,50,12,0,0
109500,2,5,1,1040,1040,0,0.0,70,70,5,0,1,0,0,0,7,20,14,0,0
269500,3,8,2,1968,774,774,84.0,10,11,8,0,1,0,0,0,5,60,10,0,0
254900,2,8,2,1947,991,991,0.0,15,16,7,0,1,0,0,0,5,60,10,0,0
320000,2,9,2,2462,1392,1392,456.0,14,15,7,0,1,0,0,0,5,60,14,0,168
162500,2,6,2,1232,1232,1232,0.0,36,36,6,0,1,0,0,0,6,20,12,0,0
412500,3,10,2,2668,1572,1572,664.0,16,17,9,0,1,0,0,0,5,60,12,0,0
220000,2,7,2,1541,1541,1541,226.0,15,15,7,0,1,0,0,0,5,20,10,0,0
103200,0,4,1,882,882,882,0.0,64,64,4,0,1,0,0,0,6,45,13,0,0
152000,1,5,2,1616,1149,1149,0.0,16,94,6,183,1,0,0,0,7,40,13,0,0
127500,0,6,2,1355,808,644,0.0,21,80,5,0,2,0,0,181,7,190,12,0,0
190000,1,7,1,1867,1867,1617,0.0,27,65,5,0,1,0,0,768,5,20,11,0,0
325624,3,8,1,2161,1610,1582,300.0,13,13,8,0,1,0,0,0,5,60,13,0,0
183500,2,7,2,1720,840,840,0.0,16,16,7,0,1,0,0,0,5,60,13,0,0
228000,2,6,2,1707,1707,1686,653.0,39,39,8,0,1,0,0,0,6,20,14,0,0
128500,2,7,1,1382,854,720,0.0,70,79,5,0,1,0,528,0,6,50,13,0,0
215000,2,7,1,1656,1656,1080,112.0,60,60,6,0,1,0,0,0,5,20,10,0,0
239000,2,5,2,1767,1064,1064,0.0,33,33,7,0,1,0,0,215,7,160,14,0,0
163000,2,6,1,1362,1362,1362,491.0,59,59,6,0,1,0,0,374,5,20,12,0,0
184000,2,7,2,1651,1651,1606,132.0,34,34,6,0,1,0,0,208,5,20,12,0,0
243000,2,7,2,2158,2158,1202,0.0,19,70,6,39,1,0,0,0,7,20,13,0,0
211000,2,8,2,2060,1164,1151,268.0,31,32,6,0,1,1,0,0,5,60,13,0,0
172500,2,8,2,1920,1252,1052,0.0,62,62,5,0,1,0,0,441,5,50,14,0,0
501837,3,9,2,2234,2234,2216,748.0,11,12,9,0,1,0,0,0,5,20,11,0,0
100000,2,5,1,968,968,968,0.0,14,97,5,184,1,0,0,0,6,30,13,0,0
177000,2,5,2,1525,769,756,456.0,20,20,6,0,1,0,0,0,5,160,13,0,0
200100,1,9,1,1802,901,793,0.0,70,100,7,40,1,0,0,0,6,70,14,0,0
120000,1,7,1,1340,1340,0,98.0,14,63,5,0,1,0,0,0,6,20,13,0,180
200000,2,6,2,2082,1362,1362,0.0,17,17,7,0,1,0,0,0,5,50,12,0,0
127000,2,5,1,1252,936,504,0.0,29,112,5,0,1,0,0,0,8,50,14,0,0
475000,3,12,2,3608,1518,1107,0.0,27,128,10,0,1,0,572,0,9,75,14,0,0
173000,2,6,2,1217,1217,1188,0.0,29,30,7,0,1,0,0,0,5,80,11,0,0
135000,1,8,2,1656,808,660,0.0,33,104,5,0,1,0,144,0,7,50,11,0,140
153337,2,6,0,1224,1224,1086,275.0,41,41,5,0,2,0,0,0,5,90,11,0,0
286000,2,5,1,1593,1593,1593,0.0,18,19,8,0,1,0,0,0,5,120,12,0,0
315000,2,10,2,2727,1549,853,0.0,26,88,8,0,1,0,0,0,8,70,13,0,0
184000,2,7,1,1479,725,725,138.0,16,48,7,0,1,0,0,0,9,60,13,0,0
192000,2,6,2,1431,1431,1431,0.0,21,21,7,0,1,0,0,0,5,20,11,0,0
130000,2,7,2,1709,970,970,50.0,16,16,7,0,1,0,0,0,5,160,14,0,0
127000,1,5,1,864,864,864,0.0,48,48,5,0,1,0,0,0,7,20,12,0,0
148500,2,7,2,1456,855,855,0.0,44,44,6,0,1,0,0,0,6,160,11,0,0
311872,3,8,2,1726,1726,1726,205.0,13,13,7,0,1,0,0,0,5,20,13,0,0
235000,2,8,2,3112,1360,1360,0.0,30,102,8,552,1,1,392,184,4,75,14,0,0
104000,0,8,1,2229,929,755,0.0,70,108,6,30,1,0,371,0,6,75,11,0,0
274900,3,7,2,1713,1713,1713,262.0,15,16,8,0,1,0,0,0,5,20,11,0,0
140000,2,5,2,1121,1121,1121,0.0,16,17,4,0,1,0,0,0,5,20,10,0,0
171500,2,6,2,1279,1279,1196,0.0,43,43,6,0,1,1,0,279,6,20,12,0,0
112000,1,6,2,1310,865,617,0.0,70,96,6,126,1,0,0,0,6,50,14,0,0
149000,2,3,1,848,848,848,205.0,16,16,6,0,1,0,0,0,5,120,12,0,0
110000,1,5,1,1284,720,720,0.0,70,73,5,0,1,0,0,0,7,50,11,0,0
180500,2,5,2,1442,1442,1424,0.0,30,30,7,0,1,0,0,0,5,20,11,0,508
143900,1,8,1,1696,1696,1140,0.0,58,58,5,0,1,0,0,0,5,20,13,0,0
141000,1,6,1,1100,1100,1100,0.0,60,60,4,0,1,0,0,306,5,20,12,0,0
277000,2,7,2,2062,1180,1157,128.0,31,32,7,0,1,0,0,0,5,60,13,0,0
145000,2,6,1,1092,1092,1092,260.0,56,56,6,0,1,0,0,0,7,20,12,0,0
98000,0,5,1,864,864,864,0.0,70,95,5,96,1,0,0,0,6,30,12,0,0
186000,2,6,2,1212,1212,1212,0.0,11,11,6,0,1,0,0,0,5,20,10,0,0
252678,2,7,2,1852,932,900,0.0,11,11,7,0,1,0,0,0,5,60,11,0,0
156000,2,5,1,990,990,990,0.0,25,25,5,0,1,1,0,0,5,20,14,0,0
161750,1,6,1,1392,689,689,153.0,43,43,6,0,1,0,0,0,7,60,10,450,0
134450,1,6,1,1236,1236,1070,64.0,24,63,5,0,1,1,0,0,6,20,14,0,0
210000,2,8,2,1436,1436,1436,266.0,16,16,7,0,1,0,0,0,5,20,12,0,0
107000,1,8,1,1328,810,686,0.0,70,95,4,60,1,0,0,0,4,70,14,0,0
311500,2,8,1,1954,1137,798,312.0,14,81,7,150,1,1,0,0,9,50,12,0,0
167240,2,5,2,1248,1248,1248,16.0,14,15,7,0,1,0,0,0,5,120,14,0,0
204900,2,5,2,1498,1498,1498,0.0,14,14,7,0,1,0,0,0,5,20,14,0,0
200000,2,8,2,2267,1010,1010,0.0,18,18,6,0,1,0,0,0,5,60,11,0,0
179900,2,6,2,1552,811,713,0.0,45,45,6,0,1,0,0,0,6,60,14,0,0
97000,2,4,1,864,864,864,0.0,49,49,4,0,1,0,0,180,6,20,11,0,0
386250,3,8,2,2392,2392,2392,922.0,17,17,10,0,1,0,0,0,5,20,11,0,0
112000,1,6,2,1302,630,630,142.0,49,49,5,0,1,0,0,0,5,160,11,0,0
290000,3,9,2,2520,1214,1203,290.0,25,25,7,0,1,0,0,0,5,60,13,0,0
106000,1,5,1,987,483,483,127.0,50,50,6,0,1,0,0,0,6,160,12,0,0
125000,1,5,1,912,912,912,0.0,53,53,5,0,1,0,0,0,5,20,10,0,0
192500,2,7,2,1555,1555,1373,16.0,14,15,7,0,1,0,0,0,5,120,11,0,0
148000,1,6,1,1194,1194,1194,220.0,61,61,6,120,1,0,0,0,6,20,10,0,0
403000,3,9,2,2794,1490,1462,506.0,24,25,8,202,1,0,0,0,5,60,11,0,0
94500,1,5,1,987,483,483,297.0,48,48,6,0,1,0,0,0,5,160,14,0,0
128200,1,5,1,894,894,894,0.0,44,44,5,0,1,0,0,712,6,20,10,0,0
216500,2,8,2,1960,860,860,103.685261707989,18,18,6,0,1,0,0,0,5,60,10,0,0
89500,1,5,1,987,483,483,604.0,49,49,6,0,1,0,0,0,3,160,12,0,0
185500,2,6,2,1414,1414,1414,98.0,16,16,7,0,1,0,0,0,5,20,10,0,0
194500,2,7,2,1744,1014,996,0.0,17,27,7,0,1,0,0,0,7,60,10,0,238
318000,3,7,2,1694,1694,1694,254.0,13,13,8,0,1,0,0,0,5,20,13,0,0
113000,1,7,1,1487,798,735,0.0,70,75,6,0,1,0,0,0,4,50,10,0,0
262500,2,7,2,1566,1566,1566,36.0,12,12,8,0,1,0,0,0,5,20,10,0,0
110500,0,4,1,866,866,686,0.0,23,75,5,0,1,0,0,0,9,30,13,0,0
79000,1,6,1,1440,889,540,0.0,70,120,5,77,1,0,0,0,4,50,14,0,0
120000,1,6,1,1217,626,626,0.0,40,40,6,0,1,0,0,0,6,160,11,0,0
205000,2,8,2,2110,1222,948,0.0,18,26,7,0,1,0,0,0,5,60,10,0,0
241500,2,6,2,1872,1872,1845,102.0,32,32,7,0,1,1,0,0,5,20,14,0,0
137000,1,9,2,1928,908,1020,0.0,70,110,6,112,2,0,0,0,8,190,14,0,0
140000,2,5,1,1375,1375,1367,0.0,66,66,6,0,1,0,0,0,5,20,14,0,0
180000,2,8,2,1668,840,840,101.0,17,17,7,0,1,0,0,0,5,60,13,0,0
277000,2,7,2,2144,1444,1444,472.0,14,62,6,0,1,1,0,0,7,50,13,500,0
76500,0,6,1,1306,1306,728,0.0,54,80,3,0,1,0,0,0,2,30,10,450,0
235000,2,5,2,1625,1625,1573,481.0,13,14,8,0,1,1,0,0,5,120,13,0,0
173000,2,6,2,1640,798,798,0.0,16,16,6,0,1,0,0,0,5,60,12,0,0
158000,1,7,2,1302,1302,1302,108.0,29,56,6,0,1,1,0,580,7,80,13,0,0
145000,1,5,1,1314,1314,1314,0.0,63,63,5,0,1,0,0,0,6,20,10,0,0
230000,2,8,2,2291,1005,975,302.0,21,21,7,0,1,0,0,0,5,60,14,0,0
207500,2,7,2,1728,864,864,0.0,17,17,6,0,1,0,0,0,5,60,12,0,0
220000,2,8,2,1604,1604,1604,180.0,14,14,7,0,1,0,0,0,5,20,11,0,0
231500,2,7,2,1792,963,963,172.0,19,19,7,0,1,0,0,0,5,60,12,0,245
97000,1,4,1,882,882,0,0.0,64,64,5,0,1,0,0,0,5,20,12,0,0
176000,2,6,1,1382,1382,1362,399.0,58,58,6,252,1,0,0,690,5,80,11,0,0
276000,3,10,2,2574,1482,1482,270.0,13,13,8,0,1,0,0,0,5,60,13,0,0
151000,2,6,1,1212,1212,506,46.0,25,43,6,0,1,0,0,0,7,80,14,0,0
130000,2,6,1,1316,926,926,0.0,19,91,5,0,1,0,390,692,7,50,10,0,0
73000,2,4,1,764,764,680,0.0,16,95,5,0,1,0,0,0,5,30,12,0,0
175500,2,7,2,1422,1422,1422,210.0,39,39,6,0,1,0,0,228,6,20,12,0,0
185000,2,8,2,1511,802,802,0.0,23,23,6,0,1,0,0,0,5,60,14,0,0
179500,1,8,2,2192,1052,720,0.0,23,81,5,0,1,0,420,0,8,75,12,0,0
120500,1,4,1,778,778,740,0.0,65,80,5,0,1,0,0,125,6,30,12,0,0
148000,1,6,1,1113,1113,1143,174.0,44,44,6,0,1,0,0,0,7,20,13,0,0
266000,3,8,2,1939,1095,1095,0.0,14,14,8,0,1,0,0,0,5,60,14,0,0
241500,2,5,1,1363,1363,1385,0.0,15,66,7,0,1,0,0,1063,7,20,12,0,0
290000,3,9,2,2270,1164,1152,348.0,13,21,8,0,1,0,0,0,7,60,10,0,0
139000,1,6,2,1632,1632,1240,183.0,32,62,6,0,1,0,0,620,6,20,11,0,0
124500,1,5,1,816,816,816,0.0,38,38,5,0,1,0,0,0,7,20,13,0,0
205000,2,5,2,1548,952,952,0.0,13,95,7,0,1,0,0,0,7,50,11,0,0
201000,2,7,2,1560,1560,1560,0.0,17,17,7,0,1,0,0,0,5,20,10,0,0
141000,2,4,1,864,864,864,0.0,69,69,4,0,1,0,0,0,5,20,10,0,0
415298,3,8,2,2121,2121,2121,315.0,13,14,9,0,1,0,0,0,5,20,13,0,0
192000,2,8,2,2022,1156,1160,299.0,43,43,7,0,1,0,0,0,5,60,12,0,0
228500,2,7,2,1982,1175,807,340.0,31,31,7,0,1,0,0,0,6,60,13,0,196
185000,2,5,2,1262,1262,1262,68.0,14,14,6,0,1,0,0,0,5,20,14,0,0
207500,2,6,2,1314,1314,1314,166.0,12,13,7,0,1,0,0,0,5,120,11,0,0
244600,3,6,2,1468,1468,1468,72.0,11,12,8,0,1,0,0,0,5,20,11,0,0
179200,2,5,2,1575,1575,1575,0.0,28,28,6,52,1,0,0,0,5,120,13,0,0
164700,2,5,2,1250,625,625,0.0,13,14,7,0,1,0,0,0,5,160,13,0,0
159000,2,7,1,1734,1085,912,0.0,39,58,6,0,1,0,0,0,7,50,14,0,0
88000,0,5,1,858,858,858,0.0,49,49,4,0,1,0,0,0,4,20,14,0,0
122000,1,5,1,900,900,882,31.0,53,53,5,0,1,0,0,0,5,20,10,0,0
153575,1,7,1,1396,698,698,0.0,17,105,6,0,1,0,0,0,7,70,13,0,0
233230,2,8,2,1919,1079,1079,0.0,14,14,8,0,1,0,0,0,5,60,14,0,0
135900,0,9,2,1716,936,780,0.0,20,108,5,0,1,0,0,0,6,190,12,0,0
131000,1,8,1,1716,1148,768,0.0,12,71,5,0,1,0,0,0,4,50,11,0,0
235000,2,9,2,2263,1468,795,34.0,26,43,7,0,1,0,0,0,7,60,14,0,0
167000,2,7,1,1644,1644,1416,238.0,67,67,6,0,1,0,0,0,5,20,11,0,0
142500,2,6,1,1003,1003,1003,0.0,36,36,6,0,1,0,0,0,6,80,14,0,0
152000,1,6,1,1558,910,910,0.0,70,70,5,0,1,0,0,0,5,50,13,0,0
239000,2,7,2,1950,975,975,1600.0,22,23,7,0,1,0,0,0,5,60,13,0,0
175000,2,7,1,1743,1041,702,365.0,52,52,6,0,1,1,0,175,6,60,13,0,0
158500,1,6,1,1152,1152,1092,0.0,16,70,6,0,1,1,0,0,8,20,11,0,0
157000,1,5,1,1336,1336,1165,56.0,67,67,5,0,1,0,0,0,5,190,14,0,0
267000,2,9,2,2452,1210,1028,0.0,21,22,8,0,1,0,0,0,5,60,13,0,0
205000,3,6,2,1541,1541,1541,150.0,18,19,7,0,1,0,0,0,5,20,14,0,0
149900,2,5,1,894,894,894,0.0,48,48,5,0,1,0,0,0,7,20,14,0,0
295000,3,10,3,3493,1675,1470,0.0,18,140,7,0,1,0,0,0,9,75,12,0,0
305900,3,8,2,2000,2000,2000,246.0,15,16,8,0,1,0,0,0,5,20,13,0,0
225000,3,8,2,2243,1122,700,246.0,29,30,7,224,1,0,0,0,5,60,13,0,0
89500,0,6,1,1406,1035,319,0.0,70,100,6,0,1,0,0,0,7,50,12,0,0
82500,2,4,1,861,861,861,0.0,70,80,4,0,1,0,0,0,5,30,11,0,0
360000,3,8,2,1944,1944,1896,0.0,16,17,9,0,1,0,0,0,5,20,14,0,0
165600,2,6,2,1501,697,697,112.0,26,27,6,0,1,0,0,0,5,60,14,0,0
132000,1,5,1,972,972,972,0.0,18,72,6,0,1,0,0,0,6,20,11,0,0
119900,2,5,1,1118,793,793,0.0,70,81,5,0,1,0,0,0,7,190,14,0,0
375000,2,8,2,2036,2036,2136,0.0,55,55,7,0,1,0,0,820,5,20,11,0,0
178000,2,6,1,1641,832,728,0.0,30,95,7,234,1,1,0,0,7,70,14,0,0
188500,2,6,2,1432,716,716,0.0,15,16,7,0,1,0,0,0,5,60,11,0,0
260000,2,10,2,2353,1153,845,278.0,40,40,7,0,1,0,0,0,7,60,11,0,0
270000,3,8,2,1959,1088,1088,0.0,14,14,8,0,1,0,0,0,5,60,13,0,0
260000,3,9,2,2646,1372,1347,256.0,27,27,7,144,1,0,0,0,5,60,11,0,0
187500,2,6,2,1472,1472,1372,225.0,40,40,7,0,1,0,0,0,5,80,11,0,0
342643,3,9,3,2596,1249,1249,370.0,14,14,9,0,1,0,0,0,5,60,14,0,0
354000,3,10,2,2468,1136,1136,388.0,16,16,8,0,1,0,0,0,5,60,13,0,0
301000,2,8,2,2730,1553,1502,172.0,33,34,7,0,1,0,0,1474,5,60,13,0,0
126175,1,6,1,1163,1163,1162,0.0,15,65,3,0,1,0,0,0,8,20,14,0,0
242000,2,11,2,2978,1898,710,300.0,13,53,7,0,1,0,0,0,7,80,10,0,0
87000,2,5,1,803,803,720,0.0,70,79,5,244,1,0,0,0,6,45,13,0,0
324000,2,6,1,1719,1719,1719,0.0,27,27,8,0,1,0,0,0,5,120,12,0,0
145250,1,7,1,1383,1383,1383,175.0,60,60,6,0,1,0,0,0,5,20,14,0,0
214500,2,10,2,2134,1445,844,0.0,26,104,6,268,1,0,0,0,6,75,11,0,0
78000,1,6,1,1192,596,596,0.0,70,100,5,137,1,0,0,0,5,70,11,0,0
119000,1,10,2,1728,1728,1728,84.0,56,56,5,0,2,1,0,264,4,90,13,0,0
139000,1,6,1,1056,1056,1056,0.0,28,62,5,0,1,0,0,0,6,20,13,0,0
284000,3,7,2,1629,1629,3206,296.0,16,17,8,0,1,0,0,479,5,20,11,0,0
207000,2,6,2,1358,1358,1358,146.0,16,16,7,0,1,0,0,0,5,120,12,0,0
192000,2,7,2,1638,943,943,0.0,22,22,6,0,1,0,0,0,5,60,12,0,0
228950,2,7,2,1786,1619,1499,0.0,55,55,5,0,1,0,0,147,6,190,12,700,0
377426,3,8,2,1922,1922,1922,200.0,14,15,9,0,1,0,0,0,5,20,13,0,0
214000,2,7,2,1536,1536,1536,113.0,17,18,7,0,1,0,0,0,5,20,12,0,0
202500,2,8,2,1621,1621,1208,0.0,22,36,7,0,1,0,0,0,7,20,14,400,0
155000,1,6,1,1215,1215,1215,176.0,22,62,6,0,1,0,0,0,7,20,11,0,0
202900,2,9,2,1908,993,967,0.0,18,18,8,0,1,0,0,0,5,60,10,0,0
82000,1,4,1,841,841,721,0.0,70,70,4,24,1,0,0,0,4,20,11,0,0
87500,2,6,2,1040,1040,0,340.0,70,71,3,0,2,0,0,0,4,90,14,0,0
266000,2,6,2,1684,1684,1684,616.0,15,15,9,0,1,0,0,0,5,120,12,0,0
85000,1,4,1,1112,536,536,0.0,44,44,5,0,1,0,0,232,3,160,10,0,0
140200,1,6,1,1577,972,972,0.0,70,81,6,0,1,0,0,0,5,50,14,0,0
151500,1,5,1,958,958,958,0.0,22,60,6,0,1,0,0,0,8,20,13,15500,0
157500,2,6,2,1478,1478,1478,30.0,60,60,6,0,1,0,0,0,5,20,11,0,0
154000,2,6,2,1626,764,764,106.0,16,17,7,0,1,0,0,0,5,160,12,0,0
437154,3,10,2,2728,1848,1848,870.0,14,15,9,0,1,0,0,0,5,60,14,0,0
318061,2,6,2,1869,1869,1869,362.0,13,13,9,0,1,0,0,0,5,120,13,0,0
190000,2,6,1,1453,1453,1453,0.0,34,34,7,0,1,0,0,0,5,120,14,0,0
95000,1,5,1,1111,616,616,0.0,70,79,5,0,1,1,0,380,6,50,12,0,0
105900,2,5,1,720,720,624,0.0,17,92,6,0,1,0,0,0,8,30,10,0,0
140000,1,6,1,1595,1192,940,0.0,20,80,6,108,1,0,0,0,5,50,14,0,0
177500,2,6,2,1200,1200,1200,0.0,25,25,6,0,1,0,0,544,5,20,13,0,0
173000,2,6,2,1167,1167,1158,106.0,28,28,6,0,1,0,0,0,6,20,11,0,0
134000,2,6,1,1142,1142,1142,0.0,44,44,5,0,1,0,0,0,5,120,13,0,0
130000,1,6,1,1352,1352,1062,120.0,62,62,5,294,1,1,0,294,4,80,14,0,0
280000,2,7,2,1924,1086,1086,530.0,22,22,8,0,1,0,0,0,5,60,14,0,0
156000,2,5,1,912,912,888,0.0,42,42,6,0,1,0,0,0,6,85,13,0,0
145000,1,8,1,1505,988,883,0.0,38,80,5,0,1,0,0,0,5,50,12,0,0
198500,2,7,3,1922,495,0,500.0,17,17,7,177,1,0,0,0,5,85,11,0,0
118000,1,5,1,987,483,483,510.0,13,48,6,0,1,0,0,0,8,160,11,0,0
190000,2,6,2,1574,790,796,120.0,44,44,6,0,1,0,0,0,5,60,14,0,0
147000,1,6,1,1344,672,672,0.0,23,100,5,218,1,0,0,0,7,70,11,0,0
159000,2,6,1,1394,1394,1394,247.0,57,57,6,0,1,0,0,0,5,20,11,0,0
165000,1,6,1,1431,1431,1099,305.0,58,58,6,0,1,1,0,0,5,80,12,0,0
132000,1,7,1,1268,1268,1268,200.0,66,66,5,0,1,0,0,0,6,20,10,0,0
162000,2,7,1,1287,1287,1063,0.0,14,61,5,0,1,0,0,258,7,20,10,0,0
172400,2,7,2,1664,953,953,0.0,20,20,6,0,1,0,0,0,5,60,14,0,0
134432,2,7,2,1588,1120,0,0.0,61,61,4,0,1,0,0,0,4,50,12,0,0
125000,1,4,1,752,752,744,0.0,36,36,6,0,1,0,0,121,5,120,10,0,0
123000,1,5,1,1319,1319,608,0.0,67,67,5,0,1,0,0,180,6,20,11,0,0
219500,2,8,2,1928,847,847,0.0,16,17,7,0,1,0,0,0,5,60,13,0,0
61000,0,4,0,904,904,683,0.0,70,98,1,0,1,0,0,0,1,30,11,0,0
148000,2,5,1,914,914,870,0.0,24,24,5,0,1,0,0,0,5,85,14,0,0
340000,2,8,3,2466,1580,1580,0.0,15,16,8,0,1,0,0,0,5,60,13,0,0
394432,3,8,1,1856,1856,1856,350.0,10,10,9,0,1,0,0,0,2,20,10,0,0
179000,2,7,2,1800,1007,982,16.0,20,20,6,0,1,0,0,0,5,60,11,0,0
127000,1,6,2,1691,1026,1026,0.0,70,96,5,242,1,0,0,0,6,50,10,0,0
187750,2,5,2,1301,1301,1293,0.0,14,14,7,0,1,0,0,0,5,20,14,0,0
213500,2,8,2,1797,939,939,0.0,14,14,7,0,1,0,0,0,5,60,13,0,0
76000,2,5,1,784,784,784,0.0,70,92,6,91,1,0,0,0,3,45,11,0,0
240000,2,9,2,1953,1079,1580,0.0,28,28,6,0,1,0,0,0,5,60,13,0,0
192000,2,6,2,1269,1269,1256,16.0,15,16,8,0,1,0,0,0,5,120,10,0,0
81000,0,8,1,1184,658,658,0.0,24,110,5,0,1,0,0,0,3,50,14,0,0
125000,1,6,1,1125,1125,1041,255.0,44,44,6,0,1,0,0,0,6,80,11,0,0
191000,2,6,2,1479,1479,1468,125.0,20,21,7,0,1,0,0,0,5,20,12,0,0
426000,3,9,2,2332,1742,1682,272.0,12,13,10,0,1,0,0,0,5,60,12,0,0
119000,1,7,1,1367,961,861,0.0,70,120,5,112,1,0,0,391,8,50,12,0,0
215000,2,7,2,1961,804,804,0.0,18,19,6,0,1,0,0,0,5,60,11,0,0
106500,1,5,1,882,882,0,0.0,61,61,5,0,1,0,0,0,7,20,13,1200,0
100000,0,4,1,788,788,788,0.0,70,79,4,0,1,0,0,0,5,30,14,0,0
109000,1,5,1,1034,735,735,0.0,70,80,5,0,1,0,0,0,6,50,13,0,0
129000,1,6,1,1144,1144,1144,0.0,64,64,5,0,1,0,0,0,6,20,10,0,0
123000,2,6,1,894,894,894,0.0,48,48,5,0,1,0,0,0,5,20,11,0,0
169500,1,8,2,1812,876,864,288.0,58,58,5,0,1,0,0,0,5,60,13,0,0
67000,1,6,1,1077,1077,961,0.0,70,100,5,0,1,0,0,0,2,30,13,0,0
241000,2,7,2,1550,1112,1092,100.0,13,14,7,0,1,0,0,0,5,60,11,0,0
245500,2,4,1,1288,1288,1260,0.0,24,24,8,0,1,0,0,0,5,120,12,0,0
164990,2,6,2,1310,1310,1310,0.0,15,15,7,0,1,0,0,0,5,20,14,0,0
108000,1,4,1,672,672,672,0.0,23,80,5,0,1,0,0,0,8,30,12,0,0
258000,2,10,2,2263,1165,1141,650.0,22,22,8,0,1,0,0,0,5,60,14,0,0
168000,2,7,2,1572,806,806,0.0,24,25,6,0,1,0,0,0,5,60,13,0,0
150000,2,8,2,1620,1620,1281,0.0,27,44,4,0,1,0,0,0,4,20,11,0,0
115000,1,6,1,1639,1166,1064,0.0,70,84,6,0,1,0,473,0,5,50,12,0,0
177000,1,8,2,1680,840,840,0.0,44,105,6,160,1,0,0,0,7,70,12,0,0
280000,3,9,2,2172,1071,1063,350.0,14,14,7,0,1,0,0,0,5,60,13,0,0
339750,3,8,2,2078,1050,1034,100.0,12,13,8,0,1,0,0,0,5,60,12,0,0
60000,1,5,1,1276,1276,1276,0.0,62,62,5,0,1,0,0,0,3,20,11,0,0
145000,2,5,1,1056,1056,1056,0.0,65,65,5,0,1,0,0,0,5,190,14,0,0
222000,2,7,2,1478,1478,1470,432.0,11,11,7,0,1,0,0,0,5,20,10,0,0
115000,2,5,1,1028,1028,1008,0.0,70,93,5,130,1,0,0,0,6,30,10,0,0
228000,3,9,2,2097,1080,1080,0.0,27,27,7,0,1,1,0,531,5,60,12,0,0
181134,2,6,2,1340,1340,1340,0.0,13,13,7,0,1,0,0,0,5,20,13,0,0
149500,2,6,1,1400,672,672,203.0,42,42,6,0,1,0,0,0,7,60,14,0,0
239000,3,10,2,2624,1370,1370,0.0,70,102,6,0,1,0,0,0,6,70,13,0,0
126000,1,7,1,1134,756,756,0.0,70,80,5,0,1,0,0,0,6,50,13,0,0
142000,1,6,1,1056,1056,1056,0.0,52,52,5,184,1,0,0,0,6,20,10,0,0
206300,4,8,2,1344,1344,1344,200.0,22,23,7,0,2,0,0,0,5,90,12,0,0
215000,2,8,2,1602,1602,1602,126.0,20,43,6,0,1,1,0,0,7,20,11,0,0
113000,2,4,1,988,988,988,0.0,66,66,5,0,1,0,0,0,5,20,12,0,0
315000,3,8,2,2630,1470,1470,473.0,22,22,8,0,1,0,0,0,5,60,12,0,0
139000,1,6,1,1196,1196,1196,74.0,64,64,6,0,1,0,0,0,5,20,12,0,0
135000,1,6,1,1389,707,651,0.0,28,74,7,126,1,0,0,0,8,60,11,0,0
275000,2,5,2,1644,1644,1518,145.0,31,31,7,0,1,1,0,0,5,80,11,0,0
109008,1,5,1,907,907,907,0.0,63,63,4,0,1,0,0,0,6,20,12,0,0
195400,2,6,2,1208,1208,1208,108.0,13,13,7,0,1,0,0,0,5,20,13,0,0
175000,2,6,2,1412,1412,1392,0.0,32,32,6,169,1,0,0,0,5,20,11,0,0
85400,1,4,1,987,483,483,232.0,49,49,6,0,1,0,0,0,5,160,12,0,0
79900,0,7,1,1198,1088,901,0.0,22,100,6,0,1,0,0,0,7,50,12,0,0
122500,2,6,1,1365,765,765,376.0,49,49,5,0,1,0,0,0,5,160,13,0,0
181000,2,7,2,1604,926,926,0.0,22,23,6,0,1,0,0,0,5,60,12,0,0
81000,0,3,1,630,630,630,0.0,48,48,4,0,1,0,0,0,7,180,12,0,0
212000,2,6,2,1661,827,799,0.0,24,24,7,0,1,0,0,344,6,60,11,0,0
116000,2,6,1,1118,734,648,0.0,70,100,6,0,1,0,0,0,8,50,14,0,0
119000,1,4,1,904,904,884,0.0,16,94,6,105,1,0,0,0,7,45,11,0,0
90350,1,4,1,694,694,440,0.0,18,107,5,34,1,0,0,0,6,30,13,0,0
110000,2,7,1,1196,684,684,0.0,20,100,6,0,1,0,0,0,8,50,11,800,0
555000,3,10,2,2402,2402,3094,200.0,12,12,10,0,1,0,0,539,5,20,11,0,0
118000,0,8,2,1440,1440,1440,270.0,65,65,4,0,2,0,0,0,4,90,12,0,0
162900,2,8,2,1573,1128,1078,0.0,28,90,5,0,1,0,0,0,7,50,12,0,0
172500,3,6,2,1258,1258,1258,72.0,13,14,7,0,1,0,0,0,5,120,13,0,0
210000,2,8,2,1908,933,915,0.0,25,26,7,0,1,0,0,0,5,60,12,0,0
127500,2,7,1,1689,1689,1436,0.0,64,64,6,0,1,0,0,0,5,20,11,0,0
190000,2,6,2,1888,1888,1517,0.0,18,54,6,0,1,0,0,713,6,20,10,0,0
199900,2,10,2,1886,956,930,0.0,21,22,7,0,1,0,0,0,5,60,14,0,0
119500,1,7,2,1376,780,780,0.0,70,83,6,0,1,0,0,0,6,50,14,0,0
120000,1,6,1,1183,679,649,0.0,18,72,3,0,1,0,0,0,7,50,13,0,0
110000,1,5,1,813,813,813,0.0,15,90,6,0,1,0,0,0,8,30,14,0,0
280000,2,5,2,1533,1533,1533,0.0,45,45,7,0,1,0,0,0,5,20,14,0,0
204000,2,7,2,1756,888,872,42.0,23,24,6,0,1,0,0,0,5,60,13,0,0
210000,2,6,2,1590,786,768,0.0,12,12,8,0,1,0,0,0,5,60,11,0,0
188000,2,8,2,1728,1728,1728,0.0,44,44,5,0,2,0,0,0,5,90,14,0,0
175500,2,6,1,1242,1242,1242,320.0,47,47,7,0,1,0,0,0,6,20,13,0,0
98000,3,7,1,1344,624,624,0.0,70,104,5,96,1,0,0,0,5,70,12,0,0
256000,2,6,1,1663,1663,1364,0.0,26,66,4,0,1,0,0,0,6,20,12,0,0
161000,1,7,1,1666,833,588,0.0,24,95,8,0,1,0,0,0,7,70,12,0,0
110000,1,5,1,1203,979,709,161.0,70,70,5,248,1,0,0,0,4,50,11,0,0
263435,2,8,2,1935,832,832,110.0,11,11,8,0,1,0,0,0,5,60,11,0,0
155000,2,6,1,1135,575,560,0.0,13,84,7,0,1,0,0,210,9,70,11,0,0
62383,1,5,1,864,864,864,0.0,55,55,5,236,1,0,0,311,5,20,11,0,0
188700,1,6,1,1660,849,715,0.0,25,86,6,0,1,0,0,0,7,70,12,0,0
124000,0,5,2,1040,1040,1040,136.0,42,42,5,0,1,0,0,0,5,20,11,0,0
178740,2,6,2,1414,1414,1375,18.0,16,16,7,0,1,0,0,0,5,120,14,0,0
167000,2,5,1,1277,1277,1277,0.0,50,50,7,0,1,0,0,0,5,20,13,0,0
146500,1,7,1,1644,888,728,224.0,25,78,5,0,1,0,0,0,7,70,13,0,0
250000,3,7,2,1634,1634,1626,248.0,14,14,8,0,1,0,0,0,5,20,13,0,0
187000,2,7,2,1710,832,832,120.0,27,27,6,0,1,0,0,0,5,60,12,0,0
212000,2,4,1,1502,1502,1488,0.0,35,35,8,0,1,0,0,1120,5,120,10,0,0
190000,2,8,2,1969,1161,808,0.0,43,43,7,0,1,0,0,0,6,60,13,0,0
148000,2,5,1,1072,1072,547,80.0,15,15,6,0,1,0,0,0,5,180,12,0,0
440000,3,7,2,1976,1976,1976,304.0,13,14,8,0,1,0,0,0,5,20,13,0,0
251000,2,6,2,1652,1652,1494,0.0,20,20,8,0,1,0,0,0,5,120,13,0,0
132500,2,5,1,970,970,970,0.0,57,57,5,0,1,0,0,0,6,20,13,0,0
208900,2,7,2,1493,1493,1478,215.0,22,23,6,0,1,0,0,0,5,20,12,0,0
380000,3,9,2,2643,2069,2153,772.0,14,14,9,0,1,0,0,0,5,60,13,0,0
297000,3,7,2,1718,1718,1705,336.0,12,13,8,0,1,0,0,0,5,20,11,0,0
89471,2,7,1,1131,1131,907,435.0,20,83,4,0,1,0,0,0,7,30,13,0,0
326000,3,8,2,1850,1850,1833,378.0,15,16,9,0,1,0,0,0,5,20,14,0,0
374000,3,6,2,1792,1792,1792,562.0,16,17,9,0,1,0,0,0,5,20,14,0,0
155000,1,7,1,1826,916,910,0.0,15,105,7,0,1,0,0,0,8,70,11,0,0
164000,2,5,2,1216,1216,1216,116.0,22,22,6,0,1,0,0,0,5,120,14,0,0
132500,1,6,1,999,999,999,0.0,19,58,5,0,1,0,0,0,7,20,13,0,0
147000,1,5,1,1113,1113,1113,0.0,13,70,5,120,1,0,0,0,7,20,11,0,0
156000,2,6,1,1073,1073,1073,168.0,55,55,5,0,1,0,0,0,7,20,13,0,0
175000,2,7,2,1484,1484,1484,0.0,49,49,5,0,1,0,0,0,6,20,13,0,0
160000,2,10,2,2414,1766,954,0.0,50,120,5,0,2,0,0,0,4,190,14,0,0
86000,1,3,1,630,630,630,0.0,18,50,4,0,1,0,0,0,8,180,11,0,0
115000,1,4,1,1304,616,264,0.0,44,44,5,0,1,0,0,0,6,160,12,0,0
133000,1,5,1,1578,958,806,0.0,70,79,6,32,1,0,0,165,7,50,14,0,0
172785,2,8,2,1456,728,728,0.0,14,14,6,0,1,0,0,0,5,60,14,0,0
155000,1,6,1,1269,1269,1269,0.0,60,60,5,0,1,0,0,532,6,20,12,0,0
91300,1,4,1,886,886,190,0.0,24,82,5,80,1,0,0,0,8,30,11,0,0
34900,0,4,1,720,720,720,0.0,70,100,4,115,1,0,0,0,5,30,11,0,0
430000,2,10,3,3228,3228,3200,0.0,27,28,8,291,1,0,0,0,5,20,13,0,0
184000,1,8,2,1820,1133,1026,0.0,70,95,7,0,1,0,0,0,6,50,12,0,0
130000,1,5,1,899,899,864,89.0,16,53,5,0,1,0,0,0,7,20,11,0,0
120000,1,5,1,912,912,912,0.0,35,62,5,0,1,1,0,279,7,20,13,480,0
113000,1,7,1,1218,672,672,285.0,47,47,6,0,1,0,0,0,5,160,13,0,0
226700,2,7,2,1768,866,866,0.0,15,15,7,0,1,0,0,0,5,60,12,0,0
140000,2,6,1,1214,1214,1214,0.0,55,55,5,184,1,0,0,96,7,20,13,400,0
289000,2,6,2,1801,1801,1501,0.0,23,61,7,0,1,0,0,0,8,20,10,0,0
147000,2,6,2,1322,855,855,0.0,46,46,6,0,1,1,0,495,5,160,11,0,0
124500,2,10,2,1960,960,960,360.0,68,68,5,0,2,0,0,0,5,90,11,0,0
215000,2,8,2,1911,1065,777,125.0,26,27,8,0,1,0,0,0,5,60,14,0,0
208300,2,4,2,1218,1218,1218,0.0,11,11,6,0,1,0,0,0,5,20,11,0,0
161000,2,7,2,1378,689,689,0.0,15,92,7,116,1,0,0,0,9,70,12,0,0
124500,1,6,1,1041,1041,1041,132.0,61,61,5,0,1,0,0,0,6,20,11,0,0
164900,1,6,1,1363,1363,1008,70.0,20,69,5,0,1,0,0,180,7,20,11,2000,0
202665,2,6,2,1368,1368,1368,94.0,14,15,7,0,1,0,0,0,5,120,14,0,0
129900,2,5,1,864,864,864,0.0,62,62,5,0,1,0,0,174,5,20,14,0,0
134000,2,5,1,1080,1080,1084,0.0,37,37,6,158,1,0,0,0,5,20,13,0,0
96500,1,5,1,789,789,768,0.0,70,94,5,112,1,0,0,0,5,45,13,0,0
402861,3,9,2,2020,2020,2006,305.0,11,11,10,0,1,0,0,0,5,20,11,0,0
158000,2,7,2,2119,1378,689,333.0,48,48,6,0,1,0,0,0,6,80,11,0,0
265000,3,7,2,2344,1277,1264,921.0,23,24,7,0,1,0,0,0,5,60,11,0,0
211000,2,7,2,1796,882,794,0.0,22,22,6,0,1,0,0,0,5,60,13,0,0
234000,1,9,1,2080,1276,1276,0.0,16,94,7,0,1,0,0,0,9,70,11,0,0
106250,0,7,2,1294,694,0,0.0,20,120,4,210,2,0,0,0,7,190,12,0,0
150000,1,6,1,1244,1244,1244,0.0,63,63,6,0,1,0,0,0,6,20,13,0,0
159000,2,7,2,1664,1004,1004,0.0,70,73,6,36,1,0,0,0,7,50,14,0,0
184750,3,11,3,4676,3138,3138,762.0,12,13,10,0,1,0,0,0,5,60,13,0,0
315750,3,8,2,2398,1383,1379,594.0,23,24,7,0,1,0,0,0,5,60,13,0,0
176000,2,6,2,1266,1266,1257,0.0,15,15,7,0,1,0,0,0,5,20,14,0,0
132000,1,4,1,928,928,928,0.0,20,64,5,156,1,0,0,0,7,20,13,0,0
446261,3,11,2,2713,1476,1452,268.0,12,12,9,0,1,0,0,0,5,60,12,0,0
86000,0,5,1,605,605,528,0.0,18,100,4,144,1,0,0,0,7,30,13,0,0
200624,2,9,3,2515,2515,2035,103.685261707989,45,63,6,200,2,0,0,0,3,20,13,0,0
175000,2,5,2,1509,1509,1461,219.0,31,32,6,0,1,0,0,0,5,80,12,0,0
128000,2,6,2,1362,751,611,0.0,21,100,6,84,1,0,0,0,8,70,12,0,0
107500,1,5,1,827,827,0,0.0,13,65,5,0,1,0,0,0,7,20,10,0,0
39300,0,2,1,334,334,0,0.0,70,74,1,0,1,0,0,0,3,20,13,0,0
178000,2,6,2,1414,707,707,0.0,16,16,8,0,1,0,0,0,5,60,14,0,0
107500,0,5,1,1347,820,1117,0.0,29,110,5,148,1,0,0,0,7,190,12,0,0
188000,2,8,2,1724,880,880,0.0,21,22,7,0,1,0,0,0,5,60,12,0,0
111250,2,5,1,864,864,864,0.0,48,48,4,0,1,0,0,0,5,20,12,0,0
158000,1,7,1,1159,1159,1051,188.0,52,52,5,0,1,0,0,0,5,20,14,0,0
272000,2,6,2,1601,1601,1581,479.0,18,19,8,0,1,0,0,0,5,20,10,2000,0
315000,3,8,2,1838,1838,1838,584.0,14,14,9,0,1,0,0,0,5,20,11,0,0
248000,3,8,2,2285,997,969,72.0,20,20,8,0,1,0,0,0,5,60,13,0,0
213250,2,7,2,1680,1680,1650,0.0,21,22,7,0,1,0,0,1127,5,20,11,0,0
133000,1,4,1,767,767,723,182.0,22,22,7,0,1,0,0,139,5,120,13,0,0
179665,2,7,2,1496,664,654,0.0,14,14,7,0,1,0,0,0,5,60,14,0,0
229000,3,9,2,2183,1377,1204,178.0,32,32,7,0,1,0,0,202,5,50,14,0,0
210000,2,6,1,1635,915,1065,0.0,70,97,6,0,1,0,0,0,7,50,13,0,144
129500,2,5,1,768,768,768,0.0,50,50,5,0,1,0,0,0,7,85,13,0,0
125000,2,4,1,825,825,825,0.0,25,65,5,0,1,0,0,645,7,20,12,0,0
263000,2,8,2,2094,912,912,0.0,16,17,7,0,1,0,0,0,5,60,11,0,0
140000,2,4,2,1069,1069,1069,0.0,43,43,6,0,1,0,0,0,6,120,12,0,0
112500,1,5,1,928,928,928,0.0,63,63,5,0,1,0,0,0,6,20,12,0,0
255500,3,7,2,1717,1717,1709,250.0,14,14,8,0,1,0,0,0,5,20,11,0,0
108000,2,5,2,1126,1126,0,0.0,17,71,4,0,1,0,0,0,5,20,11,0,0
284000,3,8,2,2046,1006,998,292.0,16,17,7,0,1,0,0,0,5,60,12,0,0
113000,1,5,1,1048,1048,993,0.0,70,98,5,116,1,0,0,0,6,45,14,0,0
141000,1,6,1,1092,1092,1092,0.0,63,63,5,0,1,0,0,0,5,20,14,0,0
108000,1,7,1,1336,897,637,0.0,70,100,4,120,1,0,0,0,6,50,14,0,0
175000,2,6,2,1446,729,729,0.0,23,24,7,0,1,1,0,0,5,60,12,0,0
234000,2,7,2,1557,1557,1374,18.0,16,17,7,0,1,0,0,0,5,120,14,0,0
121500,2,5,1,1392,1392,1392,180.0,24,63,5,0,1,0,0,0,6,20,10,0,0
170000,2,6,1,1389,1389,1389,0.0,45,46,5,0,1,0,0,123,5,20,14,0,0
108000,0,6,1,996,996,996,0.0,51,80,5,0,1,0,0,0,6,30,12,0,0
185000,2,8,2,1674,1163,1163,0.0,70,102,6,0,1,0,0,0,7,50,12,0,0
268000,2,9,2,2295,1166,1095,0.0,20,28,7,0,1,0,0,0,5,60,14,0,0
128000,1,6,1,1647,841,806,0.0,70,105,6,136,1,0,0,0,4,70,10,0,0
325000,3,11,2,2504,1134,1122,245.0,13,15,9,0,1,0,0,0,5,60,12,0,0
214000,2,7,2,1535,1535,1517,168.0,16,16,7,0,1,0,0,0,5,20,10,0,0
316600,2,5,1,2132,1496,1496,0.0,11,37,8,0,1,0,0,0,8,50,11,0,0
135960,2,4,1,943,943,943,0.0,41,41,5,0,1,0,0,0,5,90,14,0,0
142600,2,10,2,1728,1728,1728,108.0,55,55,5,0,2,0,0,0,5,90,12,0,0
120000,1,4,1,864,864,864,207.0,61,61,6,0,1,0,0,0,6,20,14,0,0
224500,2,6,2,1692,846,846,0.0,11,11,7,0,1,0,0,0,5,60,11,0,0
170000,2,8,2,1430,774,384,0.0,20,20,7,0,1,0,0,0,5,80,13,0,0
139000,1,5,1,1109,576,372,82.0,15,49,5,0,1,1,0,0,7,80,13,0,0
118500,1,6,1,1216,832,832,0.0,70,73,5,102,1,0,0,0,5,50,12,0,0
145000,1,6,2,1477,877,861,0.0,70,92,7,0,1,1,0,0,7,50,11,0,0
164500,2,6,1,1320,1320,1164,97.0,54,54,5,240,1,0,0,551,6,80,14,0,0
146000,2,5,2,1392,703,689,0.0,13,13,7,0,1,0,0,0,5,160,12,0,0
131500,1,7,2,1795,1050,1050,335.0,66,66,5,0,1,0,0,0,5,50,12,0,0
181900,2,7,1,1429,1429,1144,85.0,33,60,6,0,1,1,0,219,6,20,13,0,0
253293,3,8,2,2042,2042,2042,306.0,11,12,8,0,1,0,0,0,5,20,11,0,0
118500,0,5,1,816,816,816,104.0,30,30,6,0,1,0,0,0,5,90,13,0,0
325000,2,9,3,2775,1521,1237,0.0,20,127,10,0,1,0,0,0,9,75,12,0,0
133000,1,6,1,1573,989,884,0.0,25,85,4,54,1,0,0,0,7,50,11,0,0
369900,3,7,2,2028,2028,1868,208.0,14,15,8,0,1,0,0,0,5,20,14,0,0
130000,1,5,1,838,838,816,0.0,20,102,6,112,1,0,0,606,7,30,12,0,0
137000,2,4,1,860,860,840,0.0,38,38,5,0,1,0,0,0,6,85,11,0,0
143000,1,5,1,1473,1473,1437,0.0,17,52,5,0,1,0,0,0,8,20,11,0,0
79500,1,4,1,935,779,742,0.0,60,90,5,0,1,0,156,0,6,40,12,600,0
185900,2,6,2,1582,770,770,0.0,16,16,7,0,1,0,0,0,5,60,12,0,0
451950,3,10,2,2296,1728,1722,420.0,12,12,10,0,1,0,0,0,5,60,11,0,0
138000,2,4,1,816,816,816,0.0,17,38,5,0,1,0,0,0,8,20,12,0,0
140000,2,4,1,848,848,848,170.0,17,17,6,0,1,0,0,0,5,120,11,0,0
110000,1,5,1,924,924,924,0.0,45,45,5,0,1,0,0,0,6,20,12,0,0
319000,3,7,2,1826,1826,1814,238.0,14,15,8,0,1,0,0,0,5,20,14,0,0
114504,1,7,1,1368,684,684,0.0,27,110,6,0,1,0,0,0,7,70,14,0,0
194201,3,7,0,1402,1402,1258,72.0,13,14,7,0,1,2,0,0,5,120,13,0,0
217500,2,7,2,1647,1647,1430,459.0,43,43,5,0,1,0,0,147,6,20,14,0,0
151000,2,6,2,1556,716,716,0.0,40,40,6,0,1,0,0,612,6,160,12,0,0
275000,2,8,2,1904,1058,1058,280.0,15,15,8,0,1,0,0,0,5,60,14,0,0
141000,1,6,1,1375,780,780,0.0,70,83,6,0,1,0,0,0,6,50,13,0,0
220000,2,8,2,1915,927,908,0.0,28,28,8,0,1,0,0,0,5,60,14,0,0
151000,2,4,2,1200,600,600,0.0,15,16,7,0,1,0,0,0,5,160,10,0,0
221000,2,6,2,1494,1494,1494,99.0,18,18,7,0,1,0,0,0,5,20,12,0,0
205000,2,7,2,1986,1186,768,176.0,30,55,7,0,1,0,0,0,6,60,11,0,0
152000,2,6,1,1040,1040,1040,0.0,24,24,5,0,1,0,0,0,5,20,11,0,0
225000,1,8,3,2008,1112,896,0.0,18,72,5,0,1,0,0,0,8,20,14,0,0
359100,2,10,2,3194,1940,965,0.0,22,86,8,0,1,0,0,0,6,70,13,0,0
118500,1,5,1,1029,1029,1029,192.0,59,59,4,39,1,0,0,0,5,20,13,0,0
313000,3,8,2,2153,1476,1440,204.0,20,20,9,0,1,0,0,0,5,60,11,0,0
148000,2,6,2,1032,1032,1032,233.0,42,42,6,0,1,1,0,0,6,80,13,500,0
261500,2,7,2,1872,1299,1299,108.0,19,19,8,0,1,0,0,0,5,60,11,0,0
147000,0,6,1,1120,1120,1120,0.0,13,13,5,0,1,0,0,0,5,20,13,0,0
75500,0,3,1,630,630,630,0.0,48,48,4,0,1,0,0,480,6,180,10,0,0
137500,2,6,1,1054,1054,936,156.0,57,57,6,0,1,0,0,0,7,85,10,0,0
183200,2,7,2,1509,807,783,0.0,17,18,6,0,1,0,0,0,5,60,14,0,0
105500,2,4,1,832,832,832,0.0,66,66,6,0,1,0,0,0,6,45,12,0,0
314813,3,9,2,1828,1828,1822,452.0,13,13,9,0,1,0,0,0,5,20,13,0,0
305000,3,10,2,2262,1482,1482,226.0,17,17,8,0,1,0,0,0,5,60,12,0,0
67000,0,5,1,864,864,864,0.0,70,106,3,100,1,0,0,0,3,30,12,0,0
240000,2,9,2,2614,1548,1522,0.0,23,46,6,0,1,0,0,182,7,60,12,0,0
135000,2,6,1,980,980,980,153.0,43,43,5,0,1,0,0,0,6,20,11,0,0
168500,2,4,2,1512,756,756,513.0,20,20,6,0,1,0,0,0,5,160,13,0,0
165150,2,8,1,1790,1012,732,288.0,48,48,6,0,1,0,0,0,5,60,14,0,0
160000,2,5,1,1116,1116,1116,261.0,58,58,6,0,1,0,0,0,6,20,10,0,0
139900,1,6,1,1422,1422,978,0.0,42,60,5,36,1,0,0,0,5,20,13,600,0
153000,1,7,1,1520,1520,1156,164.0,48,65,6,189,1,0,0,132,6,80,10,0,0
135000,2,9,1,2080,1040,1040,192.0,51,51,5,0,1,1,0,0,5,60,13,0,0
168500,2,6,1,1350,1350,1248,259.0,56,56,6,0,1,0,0,336,5,80,12,0,0
124000,1,8,1,1750,1089,636,0.0,29,140,5,293,1,0,0,0,6,70,14,0,0
209500,2,6,2,1554,1554,1554,108.0,14,14,8,0,1,0,0,0,5,120,13,0,0
82500,2,6,2,1411,1411,1386,209.0,43,43,7,0,1,0,0,0,5,20,11,0,0
139400,1,6,1,1056,1056,1056,0.0,15,66,5,0,1,1,0,468,7,20,13,0,0
144000,2,4,0,1056,1056,1056,0.0,40,40,6,0,2,0,0,0,5,90,10,600,0
200000,0,14,2,3395,1440,1440,0.0,25,106,6,0,2,0,515,0,7,190,13,0,0
60000,0,4,1,800,800,264,0.0,70,84,2,0,1,0,0,0,3,30,11,0,0
93000,1,7,2,1387,811,811,0.0,66,66,5,0,2,0,0,0,4,190,11,0,0
85000,0,4,1,796,796,796,0.0,70,110,5,164,1,0,0,0,7,30,12,0,0
264561,3,7,2,1567,1567,1520,0.0,14,14,8,0,1,0,0,0,5,120,14,0,0
274000,2,6,1,1518,1518,1518,472.0,16,17,8,0,1,0,0,0,5,120,12,0,0
226000,2,7,2,1929,1057,1057,0.0,19,19,7,0,1,0,0,0,5,60,13,0,0
345000,2,9,2,2704,2000,1952,0.0,25,48,8,0,1,0,0,0,7,80,11,0,0
152000,2,7,2,1620,780,780,263.0,51,51,5,0,1,0,0,287,5,60,13,0,0
370878,3,7,2,1766,1766,1766,162.0,11,11,9,0,1,0,0,0,5,20,11,0,0
143250,2,5,1,981,981,981,0.0,49,49,6,40,1,0,0,35,5,20,13,0,0
98300,2,7,1,1048,1048,0,0.0,70,70,5,0,1,0,0,0,5,20,12,0,0
155000,2,5,1,1094,1094,1094,216.0,67,67,6,0,1,0,0,0,5,20,12,0,0
155000,2,7,1,1839,1051,756,351.0,54,54,6,216,1,0,0,0,5,60,10,0,0
84500,0,3,1,630,630,630,0.0,50,50,4,0,1,0,0,499,6,180,13,0,0
205950,2,7,2,1665,822,813,103.685261707989,13,13,7,0,1,0,0,0,6,60,12,0,0
108000,1,7,1,1510,755,755,0.0,70,80,4,0,1,0,0,0,5,70,11,0,0
191000,2,7,2,1716,909,880,0.0,24,24,7,0,1,0,0,0,5,60,11,0,0
135000,1,7,1,1469,756,756,0.0,25,114,6,239,1,0,0,0,7,50,12,0,0
350000,3,7,2,2113,2113,2109,660.0,25,25,8,0,1,0,0,0,6,20,12,0,0
88000,1,6,1,1092,525,525,381.0,49,49,6,0,1,0,0,0,5,160,10,0,0
145500,1,5,1,1053,1053,1053,54.0,14,61,5,0,1,0,0,0,7,20,12,0,0
149000,1,6,1,1502,851,776,0.0,20,89,7,112,1,0,0,0,6,70,12,0,0
97500,1,6,1,1458,912,912,0.0,70,72,6,0,1,1,0,0,5,50,10,0,0
167000,2,7,1,1486,1486,1486,0.0,21,56,5,0,1,0,0,0,7,20,11,0,0
197900,2,7,2,1935,1142,793,233.0,44,44,7,252,1,0,0,0,7,60,13,0,0
402000,3,8,2,2448,1686,1629,528.0,15,26,8,0,1,0,0,180,7,60,11,0,0
110000,2,5,1,1392,1392,1392,216.0,52,52,6,240,1,0,0,0,3,20,11,0,0
137500,2,6,2,1181,1181,1138,0.0,48,48,4,180,1,0,0,180,5,85,12,0,0
423000,3,8,1,2097,2097,2077,0.0,14,15,8,0,1,0,0,0,5,20,14,0,0
230500,2,7,2,1936,1454,1406,40.0,20,20,8,0,1,0,0,0,5,60,14,0,0
129000,2,7,2,2380,1465,1021,113.0,41,55,6,0,1,0,0,723,5,60,13,0,0
193500,2,7,2,1679,1679,1408,258.0,22,26,6,0,1,0,0,0,5,20,12,0,0
168000,2,6,1,1437,1437,1188,0.0,33,64,5,0,1,0,0,0,6,20,14,0,0
137500,1,5,1,1180,1180,700,0.0,70,98,4,67,1,0,0,0,5,30,14,0,0
173500,2,7,2,1476,738,738,0.0,15,15,6,0,1,0,0,0,5,60,11,0,0
103600,1,6,2,1369,697,672,0.0,70,95,6,0,1,0,0,0,6,70,11,0,0
165000,2,6,1,1208,1208,1208,0.0,43,43,6,0,1,0,0,0,6,20,14,0,0
257500,2,7,2,1839,1839,1477,106.0,16,63,6,0,1,0,0,0,7,20,13,0,0
140000,1,5,1,1136,1136,1136,0.0,55,55,6,0,1,0,0,0,6,20,12,0,0
148500,2,7,2,1441,855,855,0.0,42,42,6,0,1,0,0,0,6,160,11,0,0
87000,3,8,2,1774,1095,1095,0.0,70,120,4,90,2,0,0,0,2,70,14,0,0
109500,1,5,1,792,792,768,0.0,14,96,5,120,1,0,0,0,8,30,11,0,0
372500,3,7,2,2046,2046,2046,464.0,12,12,8,0,1,0,0,0,5,20,11,0,0
128500,2,5,1,988,988,988,57.0,59,59,5,0,1,0,0,0,5,20,13,0,0
143000,1,5,2,923,923,923,0.0,40,40,6,0,1,0,0,119,5,120,10,0,0
159434,1,6,1,1520,848,793,0.0,20,88,5,56,1,0,0,0,5,50,11,0,0
173000,2,6,1,1291,1291,1291,0.0,23,24,6,0,1,0,0,0,5,120,12,0,0
285000,3,7,2,1668,1668,1626,215.0,18,18,9,0,1,0,0,0,5,20,13,0,0
221000,2,7,2,1839,1195,1195,30.0,22,22,7,0,1,0,0,0,5,60,10,0,0
207500,2,6,2,2090,1190,1190,0.0,36,36,7,0,1,0,0,182,5,160,13,0,0
227875,2,7,3,1761,874,874,0.0,13,13,7,0,1,0,0,0,6,60,13,0,0
148800,2,4,2,1102,551,551,0.0,16,16,7,0,1,0,0,0,5,160,13,0,0
392000,2,7,2,1419,1419,1419,0.0,13,13,8,0,1,0,0,0,6,20,13,0,0
194700,2,6,2,1362,1362,1362,256.0,14,15,6,0,1,0,0,0,5,120,13,0,0
141000,2,3,1,848,848,848,147.0,16,16,6,0,1,0,0,0,5,120,12,0,0
755000,3,10,3,4316,2444,2444,1170.0,25,26,10,0,1,1,0,0,6,60,13,0,0
335000,2,9,2,2519,1238,1210,293.0,30,31,7,0,1,0,0,0,5,60,14,0,0
108480,1,4,1,1073,1073,1073,0.0,52,99,5,112,1,0,0,0,6,30,14,0,0
141500,2,5,1,1539,1067,927,0.0,70,84,5,0,1,0,0,0,6,50,11,0,0
176000,2,5,2,1137,1137,1112,72.0,33,33,6,0,1,0,0,40,6,20,14,0,0
89000,1,4,1,616,616,616,0.0,70,99,5,129,1,0,0,0,7,30,14,0,0
123500,1,6,1,1148,1148,980,0.0,68,68,5,0,1,1,0,551,7,20,14,0,0
138500,1,5,1,894,894,894,0.0,11,55,5,0,1,0,0,117,8,20,10,0,0
196000,2,5,2,1391,1391,1391,0.0,16,16,7,0,1,0,0,0,5,120,12,0,0
312500,3,7,2,1800,1800,1800,630.0,18,18,8,0,1,0,0,0,5,20,14,0,0
140000,2,6,1,1164,1164,1164,168.0,51,51,7,0,1,0,0,0,5,20,14,0,0
361919,3,10,2,2576,1264,1234,466.0,14,14,8,0,1,0,0,0,5,60,14,0,0
140000,2,8,2,1812,1032,360,0.0,24,120,5,40,2,0,0,0,9,190,10,0,0
213000,2,7,2,1484,1484,1473,109.0,15,16,7,0,1,0,0,0,5,20,10,0,144
55000,0,7,2,1092,372,0,0.0,70,90,4,0,2,0,0,0,5,190,10,3500,0
302000,2,5,2,1824,1824,1643,351.0,18,49,7,0,1,0,0,0,5,20,13,0,0
254000,2,6,2,1324,1324,1324,176.0,14,14,8,0,1,0,0,0,5,120,11,0,0
179540,2,8,2,1456,728,728,0.0,13,13,7,0,1,0,0,0,5,60,13,0,0
109900,1,6,1,904,904,876,41.0,54,54,5,0,1,0,0,0,7,20,12,0,0
52000,0,5,1,729,729,270,0.0,17,85,3,0,1,0,0,0,6,30,12,0,0
102776,1,7,1,1178,859,859,0.0,70,120,4,98,1,0,0,0,7,50,10,0,0
189000,2,5,2,1228,1228,1228,0.0,31,32,8,0,1,0,0,0,5,120,12,0,0
129000,2,6,1,960,960,960,160.0,50,50,4,0,1,0,0,0,5,190,14,0,0
130500,2,6,2,1479,725,725,289.0,15,44,6,0,1,0,0,0,8,60,10,0,0
165000,2,7,2,1350,1350,1064,174.0,46,46,6,0,1,0,0,0,5,20,11,0,0
159500,2,8,1,2554,1576,718,0.0,22,130,7,143,1,0,0,0,8,70,13,0,0
157000,2,5,1,1178,1178,1176,0.0,20,47,5,0,1,1,0,0,6,20,12,0,0
341000,3,9,2,2418,1325,1311,651.0,26,27,7,216,1,0,0,0,5,60,12,0,0
128500,1,5,1,971,971,971,0.0,51,51,5,0,1,0,0,0,6,20,14,0,0
275000,2,5,2,1742,1742,1742,0.0,35,35,8,234,1,0,0,0,5,120,14,0,0
143000,2,3,1,848,848,848,169.0,16,16,6,0,1,0,0,0,5,120,10,0,0
124500,2,5,1,864,864,864,0.0,50,50,4,0,1,0,0,0,7,20,11,0,0
135000,1,7,2,1470,997,941,0.0,48,66,4,0,1,0,0,0,6,50,12,0,0
320000,3,8,2,1698,1698,1698,340.0,12,13,9,0,1,0,0,0,5,20,11,0,0
120500,2,5,1,864,864,864,0.0,50,50,4,0,1,0,0,239,6,20,11,500,0
222000,2,5,2,1680,1680,880,260.0,13,32,6,0,1,0,0,0,9,20,11,0,182
194500,2,6,2,1232,1232,1232,82.0,13,13,7,0,1,0,0,0,5,20,11,0,0
110000,3,9,2,1776,1776,1584,95.0,62,62,5,0,2,0,0,0,5,90,11,0,0
103000,2,5,1,1208,848,780,0.0,70,95,4,112,1,0,360,0,5,30,11,0,0
236500,2,5,2,1616,1616,1595,0.0,24,25,8,0,1,0,0,0,5,120,10,0,0
187500,2,6,2,1146,1146,868,442.0,17,17,7,0,1,0,0,0,5,80,13,0,0
222500,2,8,2,2031,1153,1153,202.0,21,22,7,0,1,0,0,0,5,60,12,0,0
131400,1,6,1,1144,1144,864,0.0,37,59,5,0,1,0,0,0,6,20,11,400,0
108000,1,6,1,948,948,948,0.0,52,52,5,0,1,0,0,0,5,20,13,0,0
163000,2,6,1,1768,880,880,0.0,50,106,7,0,1,0,0,0,7,75,14,0,0
93500,2,6,2,1040,1040,0,0.0,70,70,3,0,2,0,0,0,4,90,14,0,0
239900,3,8,2,1801,901,893,0.0,15,15,8,0,1,0,0,0,5,60,14,0,0
179000,0,5,3,1200,1200,1200,0.0,32,33,5,0,1,0,0,0,5,90,11,0,0
190000,2,7,2,1728,864,864,0.0,16,16,7,0,1,0,0,0,5,60,11,0,0
132000,2,7,2,1432,768,264,0.0,18,110,5,112,1,0,0,0,7,70,13,0,0
142000,1,5,1,912,912,912,0.0,24,59,6,0,1,1,0,0,8,20,12,0,0
179000,2,6,2,1349,1349,1349,108.0,19,20,7,0,1,0,0,0,5,20,13,0,0
175000,2,6,2,1464,1464,520,0.0,21,57,5,0,1,1,0,0,6,80,11,0,0
180000,2,5,2,1337,1337,1337,0.0,27,27,8,70,1,0,0,0,5,120,12,0,168
299800,2,11,3,2715,1175,1142,289.0,24,44,8,0,1,1,0,80,9,60,12,0,0
236000,2,8,2,2256,980,952,0.0,20,20,7,0,1,0,0,0,5,60,11,0,0
265979,4,8,1,2640,1320,1240,0.0,17,140,7,386,1,0,0,0,7,70,11,0,0
260400,2,7,2,1720,1720,1720,338.0,24,24,7,154,1,0,0,0,5,20,10,0,0
98000,1,9,2,1529,1088,0,0.0,70,75,4,185,1,0,0,0,3,50,11,0,0
96500,0,7,1,1140,792,576,0.0,16,110,4,0,1,0,0,0,7,50,10,0,0
162000,2,6,2,1320,660,660,0.0,17,17,7,0,1,0,0,0,5,60,13,0,0
217000,2,6,2,1494,1494,1479,0.0,23,23,6,0,1,0,0,0,5,20,14,0,0
275500,3,8,2,2098,1038,1030,178.0,15,15,8,0,1,0,0,0,5,60,14,0,0
156000,2,5,1,1026,1026,1026,0.0,15,51,6,0,1,0,0,472,8,20,11,0,0
172500,2,6,2,1471,742,729,894.0,21,21,6,0,1,0,0,0,5,160,11,0,0
212000,2,7,2,1768,866,866,0.0,13,13,8,0,1,0,0,0,5,60,11,0,0
158900,2,6,2,1386,672,672,328.0,42,42,6,0,1,0,0,0,5,60,10,0,0
179400,2,6,2,1501,757,744,360.0,21,21,7,0,1,0,0,0,5,160,12,0,0
290000,3,9,2,2531,1328,1318,513.0,25,25,8,0,1,0,0,64,5,60,13,0,0
127500,1,5,1,864,864,864,0.0,61,61,6,0,1,0,0,0,6,20,11,450,0
100000,2,5,1,1301,1301,1145,0.0,70,96,5,0,1,0,0,0,5,30,11,0,0
215200,2,7,2,1547,764,756,0.0,11,11,7,0,1,0,0,0,5,60,10,0,0
337000,3,8,2,2365,1268,1252,673.0,21,21,8,0,1,0,0,0,5,60,11,0,0
270000,2,6,1,1494,1494,1494,0.0,24,25,8,0,1,0,0,1057,5,120,14,0,0
264132,2,6,2,1506,1506,1498,284.0,12,12,9,0,1,0,0,0,5,20,12,0,0
196500,2,7,2,1714,980,980,42.0,32,32,7,156,1,0,0,0,5,60,10,500,0
160000,1,7,2,1750,983,983,0.0,35,80,6,156,1,0,0,0,7,50,12,1300,0
216837,2,8,2,1836,1836,1860,0.0,15,16,7,0,1,0,0,0,5,20,14,0,0
538000,3,12,3,3279,1690,1650,603.0,17,17,8,0,1,0,0,0,5,60,10,0,0
134900,2,5,1,858,858,858,0.0,38,38,5,0,1,0,0,0,5,85,11,0,0
102000,2,6,1,1220,1220,836,0.0,69,69,4,0,1,0,0,0,5,20,14,0,0
107000,2,6,1,1117,1117,1029,0.0,44,44,6,0,1,0,0,127,5,80,10,0,0
114500,1,5,1,912,912,912,1.0,62,62,5,0,1,0,0,0,5,20,13,0,0
395000,3,9,2,1973,1973,1935,375.0,14,14,8,0,1,0,0,0,5,20,13,0,0
162000,2,5,2,1204,1204,1204,320.0,22,22,6,0,1,0,0,0,5,120,11,0,0
221500,3,7,2,1614,1614,1614,240.0,14,15,7,0,1,0,0,0,5,20,14,0,0
142500,2,5,1,894,894,864,0.0,46,46,5,0,1,0,0,0,5,20,14,0,0
144000,2,10,2,2020,2020,0,320.0,43,43,5,0,2,0,0,0,5,90,13,0,0
135000,2,4,1,1004,1004,975,90.0,43,43,6,0,1,0,0,0,5,90,14,0,0
176000,2,6,2,1253,1253,1237,38.0,24,25,7,0,1,0,0,0,5,20,13,0,0
175900,2,7,2,1603,810,761,0.0,28,28,6,0,1,0,0,0,5,60,14,0,0
187100,2,6,2,1430,1430,1413,0.0,18,19,7,0,1,0,0,0,5,20,11,0,0
165500,2,4,1,1110,1110,1097,104.0,42,42,5,0,1,0,0,0,6,85,11,0,0
128000,0,9,2,1484,742,742,0.0,19,106,6,134,1,0,0,0,6,75,12,0,0
161500,2,7,2,1342,1342,1372,0.0,53,53,6,0,1,0,0,630,5,20,11,0,0
139000,1,7,2,1652,966,686,0.0,70,105,5,196,1,0,0,0,6,50,10,1200,0
233000,2,8,2,2084,956,956,0.0,16,16,7,0,1,0,0,0,5,60,10,0,0
107900,1,4,1,901,901,901,0.0,20,66,4,0,1,0,0,0,7,20,12,0,0
187500,2,9,2,2087,976,832,157.0,13,54,6,0,1,0,0,0,8,60,13,0,0
160200,2,5,2,1145,1145,1145,11.0,14,15,7,0,1,0,0,0,5,120,11,0,0
146800,2,5,1,1062,1062,1029,0.0,44,44,6,0,1,0,0,0,5,80,13,0,0
269790,2,8,2,2013,1127,1117,0.0,23,24,7,0,1,0,0,0,5,60,13,0,0
225000,2,7,2,1496,1496,1496,140.0,13,13,8,0,1,0,0,0,5,20,13,0,0
194500,2,7,2,1895,1086,712,0.0,24,26,7,0,1,0,0,0,5,60,12,500,0
171000,2,7,2,1564,888,650,130.0,39,40,6,0,1,0,0,0,6,60,10,0,0
143500,2,7,1,1285,1285,660,148.0,43,43,6,0,1,0,0,0,5,20,13,0,0
110000,1,4,1,773,773,773,0.0,67,67,5,0,1,0,0,0,5,20,12,0,0
485000,3,11,3,3140,1966,1926,860.0,11,12,9,0,1,0,0,0,5,60,11,0,0
175000,1,7,1,1768,981,731,252.0,70,83,5,264,1,0,0,0,7,50,13,0,0
200000,2,8,2,1688,616,616,0.0,23,23,6,185,1,0,0,0,5,60,12,400,0
109900,2,5,1,1196,1196,1196,0.0,30,104,4,0,1,0,0,0,7,30,13,0,0
189000,2,7,2,1456,728,728,0.0,15,15,7,0,1,0,0,0,5,60,12,0,0
582933,3,12,3,2822,1734,1734,424.0,11,12,9,0,1,0,0,0,5,60,11,0,0
118000,1,5,1,1128,1128,936,0.0,66,66,5,0,1,0,0,0,5,20,14,0,0
227680,2,6,2,1428,1428,1417,256.0,12,12,7,0,1,0,0,0,5,20,12,0,0
135500,1,6,2,980,980,980,0.0,53,53,5,0,1,0,0,480,5,80,14,0,0
223500,2,6,1,1576,1072,1324,0.0,16,97,5,0,1,0,0,0,6,70,11,0,0
159950,2,6,1,1086,1086,1024,1047.0,54,54,5,0,1,0,0,128,5,80,14,0,0
106000,2,11,2,2138,1075,849,0.0,55,122,5,0,3,0,0,0,5,75,11,0,0
181000,2,5,1,1309,1309,1040,99.0,21,46,6,0,1,0,0,377,6,20,14,0,0
144500,2,4,1,848,848,848,169.0,16,16,6,0,1,0,0,0,5,120,12,0,0
55993,2,4,1,1044,1044,540,0.0,68,68,5,0,1,0,0,0,5,20,10,54,0
157900,1,7,1,1442,1442,1442,243.0,62,62,6,275,1,0,0,0,6,20,13,500,0
116000,1,7,1,1250,686,686,0.0,70,102,5,96,1,1,0,0,7,50,14,0,0
224900,2,6,2,1661,1661,1649,442.0,22,22,7,0,1,0,0,0,5,20,10,0,0
137000,1,4,1,1008,1008,1008,0.0,66,66,5,120,1,0,0,0,6,20,14,0,0
271000,3,7,2,1689,1689,1568,148.0,18,18,8,0,1,0,0,0,5,20,12,0,0
155000,2,6,1,1052,1052,1010,80.0,49,49,6,0,1,0,0,0,7,80,10,0,0
224000,2,6,2,1358,1358,1358,128.0,10,11,7,0,1,0,0,0,5,120,10,0,0
183000,2,6,2,1640,798,798,0.0,17,17,7,0,1,0,0,0,5,60,12,0,0
93000,2,4,1,936,936,936,0.0,67,67,4,112,1,0,0,0,4,20,11,0,0
225000,2,7,2,1733,847,847,0.0,17,17,7,0,1,0,0,0,5,60,13,0,0
139500,1,7,2,1489,944,778,0.0,70,80,6,0,1,0,0,0,7,50,11,0,0
232600,2,7,2,1489,1489,1489,0.0,14,14,8,0,1,0,0,0,5,20,14,0,0
385000,3,7,2,2084,2084,2078,816.0,12,13,10,0,1,0,0,0,5,20,12,0,0
109500,0,5,1,784,784,784,0.0,70,96,5,116,1,0,0,0,6,45,12,0,0
189000,2,6,2,1434,1434,1454,0.0,19,19,7,0,1,0,0,0,5,20,11,0,0
185000,2,7,2,2126,1160,1013,0.0,53,53,5,0,1,1,0,764,5,60,11,0,0
147400,2,4,2,1223,520,600,0.0,15,15,7,0,1,0,80,0,5,160,14,0,0
166000,2,6,1,1392,1392,1392,387.0,63,63,6,0,1,0,0,0,5,20,12,0,0
151000,2,4,2,1200,520,600,0.0,15,15,7,0,1,0,80,0,5,160,14,0,0
237000,2,7,2,1829,941,941,223.0,17,17,7,0,1,0,0,0,6,60,10,0,0
167000,2,6,1,1516,1516,1516,180.0,56,56,6,0,1,0,0,345,6,20,11,0,0
139950,2,6,1,1144,1144,1144,136.0,59,59,5,0,1,0,0,0,6,20,12,0,0
128000,2,4,2,1067,1067,1067,0.0,25,70,4,0,1,0,0,0,7,20,10,0,0
153500,2,5,1,1559,1559,1559,0.0,47,72,5,230,1,0,0,0,6,30,13,0,0
100000,1,5,1,987,483,483,158.0,47,47,6,0,1,0,0,0,5,160,12,0,0
144000,1,6,1,1099,1099,1099,0.0,14,25,5,0,1,0,0,0,6,20,12,0,0
130500,1,6,1,1200,768,768,0.0,25,74,5,0,1,0,0,0,6,50,12,0,0
140000,1,7,2,1482,810,672,0.0,70,95,6,254,1,0,0,0,8,70,12,0,0
157500,2,8,2,1539,958,650,0.0,18,116,5,68,1,0,0,0,8,70,12,0,0
174900,2,6,1,1165,1165,1127,183.0,54,54,6,0,1,0,0,539,7,80,12,0,0
141000,0,10,2,1800,1800,1800,0.0,59,59,5,0,2,0,0,0,4,90,13,0,0
153900,3,7,1,1416,876,876,0.0,70,105,5,194,1,0,0,0,8,50,12,0,0
171000,2,6,2,1701,1701,1390,0.0,39,45,5,0,1,0,0,0,5,85,13,0,0
213000,2,7,2,1775,1006,740,137.0,27,27,7,192,1,0,0,0,5,60,11,0,0
133500,1,5,1,864,864,864,0.0,48,48,5,0,1,0,0,0,6,20,11,0,0
240000,2,10,3,2358,1307,907,0.0,23,112,6,0,1,0,0,0,8,50,12,0,0
187000,2,7,2,1855,1094,528,360.0,26,44,6,0,1,0,0,0,7,80,13,0,0
131500,2,3,1,848,848,848,170.0,17,17,6,0,1,0,0,0,5,120,13,0,0
215000,2,7,2,1456,1456,1273,40.0,17,17,8,0,1,0,0,0,5,120,14,0,0
164000,1,7,2,1646,918,918,0.0,70,79,7,0,1,0,0,0,5,75,13,0,0
158000,2,7,1,1445,1445,1127,115.0,56,56,6,0,1,0,0,0,6,80,11,0,0
170000,2,6,1,1779,1779,1763,0.0,46,65,5,0,1,0,0,1085,4,20,14,0,0
127000,1,6,1,1040,1040,1040,0.0,10,58,5,0,1,0,0,0,8,20,10,0,0
147000,2,5,1,1026,1026,940,0.0,42,42,6,34,1,0,0,435,6,80,12,0,0
174000,2,6,2,1481,702,702,0.0,25,26,6,0,1,0,0,0,5,60,11,0,0
152000,2,6,2,1370,1370,1090,189.0,44,44,7,0,1,0,0,0,5,20,11,0,0
250000,2,9,2,2654,1512,1054,220.0,36,52,6,0,1,0,0,0,7,60,14,0,0
189950,1,7,1,1426,912,912,0.0,22,102,7,0,1,0,0,0,8,50,13,0,0
131500,2,6,1,1039,1039,1039,0.0,55,55,5,0,1,0,0,0,4,190,10,0,0
152000,2,6,2,1097,1097,1040,0.0,35,36,6,0,1,0,0,0,5,20,10,0,0
132500,1,6,1,1148,1148,1148,0.0,61,61,5,0,1,0,0,0,5,20,11,0,0
250580,2,6,2,1372,1372,1372,0.0,12,13,7,0,1,0,0,0,5,20,12,0,0
148500,2,5,1,1002,1002,1002,76.0,50,50,5,0,1,0,0,0,6,20,11,0,0
248900,3,6,2,1646,1646,1638,274.0,13,14,8,0,1,0,0,0,5,20,13,0,0
129000,2,5,1,1120,1120,1040,0.0,59,59,4,0,1,0,0,0,5,20,13,400,0
169000,2,7,2,2320,1547,0,0.0,70,72,5,0,1,0,53,0,6,60,14,0,0
236000,2,8,2,1949,1062,1050,246.0,26,27,7,0,1,0,0,0,5,60,10,0,0
109500,1,5,1,894,894,894,0.0,58,58,5,0,1,0,0,0,5,20,11,0,0
200500,2,7,2,1682,804,804,116.0,22,22,6,0,1,0,0,0,5,60,10,0,0
116000,2,5,1,910,910,105,0.0,24,67,5,150,1,0,0,0,7,20,12,0,0
133000,1,6,1,1268,1036,832,0.0,70,71,5,0,1,0,232,0,7,40,11,0,0
66500,1,5,1,1131,676,676,0.0,70,79,5,0,1,0,0,0,6,50,11,0,0
303477,2,11,2,2610,1184,1184,0.0,13,13,8,0,1,0,0,0,5,60,13,0,0
132250,2,5,1,1040,1040,1064,0.0,57,57,4,0,1,0,0,0,5,20,13,0,0
350000,3,10,2,2224,1462,1462,216.0,15,16,9,0,1,0,0,0,5,60,11,0,0
148000,2,6,1,1155,1155,1109,0.0,25,59,5,0,1,0,0,0,7,85,10,400,0
136500,1,6,1,864,864,864,90.0,15,42,5,0,1,0,0,0,8,20,11,0,0
157000,2,5,1,1090,1090,1090,0.0,14,15,5,0,1,0,0,0,5,20,13,0,0
187500,2,7,2,1717,1187,1156,117.0,29,30,7,0,1,0,0,0,5,50,13,0,0
178000,2,7,2,1593,808,808,0.0,27,28,6,0,1,0,0,0,5,60,11,0,0
118500,1,10,1,2230,954,795,0.0,70,108,4,0,1,0,481,0,5,75,14,0,0
100000,1,5,1,892,892,892,60.0,53,53,5,0,1,0,0,0,5,20,11,0,0
328900,2,5,2,1709,1709,1698,60.0,20,21,9,0,1,0,0,0,5,120,12,0,0
145000,2,8,2,1712,1712,1626,122.0,15,61,5,0,2,0,0,0,5,90,14,0,0
135500,1,8,1,1393,872,816,0.0,65,65,5,0,1,0,0,0,7,50,12,0,0
268000,2,8,2,2217,2217,2217,0.0,50,50,8,0,1,0,0,823,6,20,13,0,0
149500,2,6,1,1505,1505,1505,90.0,67,67,6,0,1,0,0,0,4,20,11,0,162
122900,2,6,1,924,672,672,0.0,14,71,5,0,1,0,0,0,7,50,13,2000,0
172500,2,7,2,1683,918,918,92.0,42,42,6,0,1,0,0,500,5,60,11,0,0
154500,1,6,1,1068,1068,1059,0.0,17,57,6,0,1,1,0,0,8,20,14,0,0
165000,1,6,1,1383,1383,1383,0.0,66,66,5,0,1,0,0,0,5,20,12,0,0
118858,2,8,2,1535,1535,0,0.0,41,41,5,0,2,0,0,0,5,90,11,0,0
140000,2,8,1,1796,983,780,415.0,57,57,6,0,1,0,0,0,5,60,12,0,0
106500,1,6,1,951,951,951,0.0,70,84,4,0,1,0,0,0,6,30,14,0,0
142953,2,12,2,2240,1120,0,0.0,41,41,5,0,2,0,0,0,5,90,11,0,0
611657,3,11,2,2364,2364,2330,760.0,10,11,9,0,1,0,0,0,5,20,10,0,0
135000,1,6,1,1236,1236,912,0.0,26,59,5,0,1,0,0,0,7,20,14,0,0
110000,1,4,1,858,858,858,0.0,49,49,4,0,1,0,0,0,6,20,13,0,0
153000,1,5,1,1306,1306,992,0.0,20,63,5,0,1,0,0,0,7,20,11,0,0
180000,2,8,2,1509,807,783,0.0,17,17,7,0,1,0,0,0,5,60,14,0,0
240000,3,7,2,1670,1670,1670,27.0,14,14,7,0,1,0,0,0,5,20,14,0,0
125500,1,6,1,902,902,876,75.0,53,53,5,0,1,0,0,0,6,20,13,0,0
128000,1,6,1,1063,1063,1056,110.0,66,66,5,164,1,0,0,290,5,20,10,0,0
255000,3,8,2,1636,1636,1623,208.0,14,14,8,0,1,0,0,0,5,20,13,0,0
250000,1,6,1,2057,1020,1017,0.0,33,84,7,0,1,0,0,0,7,50,14,0,0
131000,2,5,1,902,902,864,0.0,37,37,5,0,1,0,0,324,5,20,14,0,0
174000,2,8,2,1484,742,742,0.0,15,15,6,0,1,0,0,0,5,60,11,0,0
154300,2,12,2,2274,1105,1105,361.0,60,60,5,0,2,0,0,0,5,90,10,0,0
143500,1,5,1,1268,1268,1268,0.0,31,43,5,0,1,0,0,0,7,20,11,0,0
88000,1,6,1,1015,1015,768,0.0,70,95,5,112,1,0,0,0,7,30,14,620,0
145000,3,8,2,2002,1001,1001,0.0,70,71,5,0,2,0,0,0,6,90,13,0,0
173733,2,4,2,1224,612,612,76.0,11,11,6,0,1,0,0,0,5,160,11,0,0
75000,1,6,1,1092,546,546,80.0,50,50,4,0,1,0,0,0,5,160,13,0,0
35311,1,4,0,480,480,480,0.0,70,71,2,0,1,0,0,0,3,20,14,0,0
135000,1,6,1,1229,1229,1134,0.0,64,64,4,0,1,0,0,0,6,20,11,0,0
238000,3,8,2,2127,912,1104,0.0,29,29,7,224,1,0,0,634,5,60,13,0,0
176500,2,6,1,1414,1414,1184,0.0,18,62,6,0,1,0,0,411,8,20,12,0,0
201000,2,7,2,1721,936,928,105.0,26,26,6,0,1,1,0,0,5,60,13,0,0
145900,0,9,2,2200,1272,1272,0.0,17,120,5,0,2,0,0,0,7,90,12,0,0
169990,2,6,2,1316,1316,1316,0.0,14,15,6,0,1,0,0,0,5,20,14,0,23
193000,2,5,2,1617,1617,1604,0.0,26,27,6,0,1,0,0,841,5,120,12,0,0
207500,2,7,2,1686,1686,1686,157.0,40,40,6,0,1,0,0,1061,6,20,14,0,0
175000,2,6,2,1126,1126,1126,0.0,43,43,5,0,1,1,0,93,6,20,12,0,0
285000,3,10,2,2374,1234,1181,340.0,16,17,8,0,1,0,0,0,5,60,13,0,0
176000,2,9,2,1978,1098,832,342.0,52,52,7,0,1,0,0,0,5,60,12,0,0
236500,2,7,2,1788,1788,1753,0.0,19,19,8,0,1,0,0,0,5,20,11,0,0
222000,2,8,2,2236,993,964,285.0,23,23,7,0,1,0,0,0,5,60,14,0,0
201000,3,7,2,1466,1466,1466,0.0,13,13,8,0,1,0,0,0,5,20,11,0,0
117500,1,5,1,925,925,925,0.0,55,55,5,0,1,1,0,466,6,20,11,0,0
320000,3,8,2,1905,1905,1905,302.0,14,14,9,0,1,0,0,0,5,20,13,0,0
190000,2,6,2,1500,1500,1500,210.0,16,16,7,0,1,0,0,0,5,20,11,0,0
242000,2,9,2,2069,2069,585,0.0,13,60,7,0,1,0,0,0,7,20,12,0,0
79900,2,5,1,747,747,600,108.0,67,94,4,32,1,0,0,0,5,30,14,0,0
184900,2,5,2,1200,1200,1176,103.685261707989,17,17,7,0,1,0,0,0,5,20,11,0,0
253000,2,8,2,1971,1113,1113,0.0,15,15,7,0,1,0,0,0,5,60,11,0,0
239799,3,7,2,1962,1391,1391,0.0,14,14,7,0,1,0,0,0,5,60,14,0,0
244400,1,10,2,2403,1207,1032,0.0,70,80,7,318,1,0,0,0,7,70,10,0,0
150900,2,8,2,1728,1728,1728,0.0,44,44,6,0,2,0,0,396,5,90,14,0,0
214000,2,8,2,2060,1022,992,298.0,21,21,7,0,1,0,0,0,5,60,11,0,168
150000,0,8,2,1440,1440,1440,0.0,43,43,4,0,2,0,0,0,3,90,13,0,0
143000,2,8,2,1632,1632,1632,0.0,53,53,5,0,2,0,0,0,4,90,13,0,0
137500,2,7,1,1344,1344,819,541.0,62,62,6,0,1,1,0,354,6,20,11,0,0
124900,2,7,1,1869,1188,1088,0.0,24,130,5,244,1,0,120,0,6,50,11,0,0
143000,1,6,1,1144,1144,1144,128.0,61,61,5,0,1,0,0,294,6,80,14,0,0
270000,3,9,2,1629,1629,1616,236.0,17,18,8,0,1,0,0,0,5,20,13,0,0
192500,2,7,2,1776,936,936,144.0,18,18,7,0,1,0,0,0,5,60,14,0,0
197500,2,5,1,1381,1381,1161,0.0,14,48,6,0,1,0,0,0,7,20,10,0,0
129000,2,5,1,864,864,864,0.0,18,70,5,0,1,0,0,149,8,20,13,0,0
119900,1,6,1,965,965,828,0.0,55,55,5,0,1,0,0,0,5,20,14,0,0
133900,1,5,1,768,768,768,0.0,17,48,5,0,1,1,0,0,8,85,11,0,0
172000,2,7,2,1968,1168,784,232.0,51,51,5,0,1,1,0,193,4,60,12,400,0
127500,0,4,2,980,980,945,250.0,45,45,6,0,0,2,0,0,5,90,14,0,0
145000,2,8,2,1958,979,979,423.0,70,74,6,0,2,0,0,0,6,90,13,0,0
124000,2,5,1,1229,561,561,0.0,40,40,6,0,1,0,0,0,6,160,11,0,0
132000,2,6,1,1057,1057,1057,0.0,58,58,5,0,1,0,0,0,5,20,13,0,0
185000,2,6,2,1337,1337,1337,0.0,17,17,7,0,1,0,0,0,5,20,13,0,0
155000,2,6,2,1416,696,696,0.0,21,21,7,0,1,0,0,0,5,160,10,0,0
116500,0,4,1,858,858,858,0.0,12,62,5,0,1,0,0,0,7,20,10,0,0
272000,2,11,2,2872,1542,1330,424.0,25,43,6,0,1,0,0,0,7,60,12,0,0
155000,2,7,2,1548,804,804,0.0,44,44,6,0,1,0,0,0,6,160,13,0,0
239000,2,7,2,1800,1800,1800,0.0,13,13,9,0,1,0,0,0,5,20,11,0,0
214900,2,8,2,1894,824,817,44.0,17,18,7,0,1,0,0,0,5,60,10,0,0
178900,2,8,2,1484,783,783,0.0,13,15,6,0,1,0,0,0,5,60,13,0,0
160000,1,7,1,1308,976,728,0.0,70,80,5,0,1,0,0,0,7,50,11,0,0
135000,1,6,1,1098,1098,1098,151.0,65,65,5,0,1,0,0,0,7,20,12,0,0
37900,0,6,1,968,600,600,0.0,70,110,3,0,1,0,0,0,6,50,11,0,0
140000,1,6,1,1095,1095,588,105.0,62,62,6,0,1,0,0,0,5,190,14,0,0
135000,0,6,1,1192,720,720,0.0,70,71,4,0,1,0,0,0,4,50,14,0,0
173000,2,6,2,1626,764,764,106.0,16,17,7,0,1,0,0,0,5,160,11,0,0
99500,1,5,2,918,918,918,0.0,41,41,6,0,1,0,0,0,5,120,10,0,0
182000,2,6,2,1428,1428,1428,103.685261707989,12,13,7,0,1,0,0,0,5,20,12,0,0
167500,2,8,1,2019,1136,728,0.0,27,110,7,0,1,0,0,0,8,70,11,0,0
165000,2,6,2,1382,673,673,0.0,20,20,7,0,1,0,0,0,5,160,14,0,0
85500,0,4,1,869,869,440,0.0,62,97,4,0,1,0,0,0,7,30,14,0,0
199900,2,4,1,1241,1241,1241,103.685261707989,13,14,7,0,1,0,0,0,5,120,13,0,0
110000,2,5,1,894,894,894,0.0,66,66,4,0,1,0,0,0,5,20,13,0,0
139000,2,5,1,1121,1121,1121,0.0,57,57,5,0,1,0,0,0,6,20,11,0,0
178400,2,6,1,999,999,944,210.0,13,59,7,0,1,0,0,0,9,85,12,0,0
336000,3,8,2,2612,1276,1225,975.0,21,22,8,0,1,0,0,0,5,60,11,0,0
159895,2,6,2,1266,1266,1266,16.0,13,13,7,0,1,0,0,0,5,20,12,0,0
255900,2,9,2,2290,1149,1128,0.0,18,18,8,0,1,0,0,0,5,60,12,0,0
126000,2,8,2,1734,1302,0,0.0,43,43,5,0,2,0,0,0,5,90,11,0,0
125000,1,5,1,1164,1164,1164,0.0,70,70,5,0,1,0,0,0,5,190,12,0,0
117000,1,5,1,1635,1001,485,0.0,17,110,6,0,1,0,0,0,8,50,14,0,0
395192,3,8,2,1940,1940,1930,450.0,10,11,9,0,1,0,0,0,5,20,10,0,0
195000,2,8,2,2030,1118,848,298.0,44,44,6,0,1,0,0,0,6,60,13,0,0
197000,2,6,2,1576,778,770,0.0,14,14,7,0,1,0,0,0,5,60,14,0,0
348000,3,7,2,2392,1407,1396,423.0,22,23,8,0,1,0,0,0,5,60,14,0,0
168000,2,8,1,1742,916,916,0.0,34,138,8,0,1,0,0,0,9,70,11,0,0
187000,2,7,2,1851,1020,822,340.0,27,56,6,0,1,0,0,117,8,60,13,0,0
173900,2,6,2,1500,750,750,0.0,14,15,6,0,1,0,0,0,5,60,14,0,0
337500,3,7,2,1718,1718,1700,230.0,13,14,10,0,1,0,0,0,5,20,11,0,0
121600,1,5,1,1230,774,747,0.0,70,74,4,0,1,0,0,0,7,50,14,0,0
136500,1,6,1,1050,1050,1050,0.0,59,59,5,0,1,0,0,0,6,20,14,0,0
185000,2,6,2,1442,1442,1442,571.0,50,50,6,0,1,0,0,0,6,20,11,0,0
91000,1,6,1,1077,1077,1007,0.0,70,98,3,48,1,0,0,0,4,30,14,0,0
206000,2,6,2,1208,1208,1187,24.0,14,14,7,0,1,0,0,0,5,20,10,0,0
82000,2,4,1,944,944,0,0.0,68,68,3,0,1,0,0,0,3,20,11,0,0
86000,1,4,1,691,691,691,0.0,70,100,5,94,1,0,0,0,6,30,13,0,0
232000,3,7,2,1574,1574,1574,53.0,14,14,8,0,1,0,0,0,5,20,12,0,0
136905,2,8,2,1680,1680,1680,164.0,44,44,5,0,2,0,0,0,6,90,13,0,0
181000,2,7,2,1504,1504,1346,16.0,14,15,7,0,1,0,0,0,5,120,11,0,0
149900,1,6,2,985,985,985,220.0,43,43,5,0,1,0,0,0,8,80,12,0,0
163500,2,7,2,1657,1657,1657,0.0,50,50,6,0,1,1,0,0,3,20,13,0,0
88000,1,6,1,1092,546,546,0.0,50,50,4,0,1,0,0,273,4,160,11,0,0
240000,2,7,2,1710,1710,1710,108.0,15,16,7,0,1,0,0,0,5,20,11,0,0
102000,0,7,2,1522,1008,1008,0.0,70,94,5,138,1,0,514,0,5,50,14,0,0
135000,1,7,2,1271,720,720,0.0,70,72,5,108,1,0,0,0,5,50,12,0,0
100000,0,8,2,1664,1664,0,0.0,55,55,5,0,2,0,0,0,5,90,10,0,0
165000,1,7,1,1502,900,602,0.0,24,97,6,112,1,0,0,0,7,70,13,0,0
85000,1,4,1,1022,1022,1022,0.0,14,110,5,226,1,0,0,465,4,30,11,0,0
119200,1,5,1,1082,1082,1082,206.0,70,72,6,0,1,0,0,0,5,20,13,0,0
227000,2,6,2,1665,810,810,0.0,19,19,8,0,1,0,0,0,6,60,11,0,0
203000,2,6,2,1504,1504,1504,196.0,24,24,7,0,1,0,0,0,5,20,11,0,0
187500,2,4,1,1360,1360,1220,0.0,36,36,8,0,1,0,0,0,5,120,11,0,0
160000,2,7,2,1472,802,384,76.0,28,29,7,0,1,0,0,0,5,80,13,0,0
213490,2,6,2,1506,1506,1362,145.0,15,15,7,0,1,0,0,0,5,120,14,0,0
176000,2,5,1,1132,1132,1132,0.0,15,15,4,0,1,0,0,0,5,20,12,0,0
194000,2,6,2,1220,1220,1199,84.0,14,14,7,0,1,0,0,0,5,20,14,0,0
87000,1,6,1,1248,912,912,0.0,70,90,5,192,1,0,0,0,5,50,13,0,0
191000,2,7,2,1504,1504,1346,14.0,14,15,7,0,1,0,0,0,5,120,12,0,0
287000,2,10,2,2898,2898,1565,0.0,44,44,8,174,1,0,0,400,6,20,12,0,0
112500,2,5,1,882,882,882,0.0,48,48,5,0,1,0,0,468,5,20,13,0,0
167500,2,6,1,1264,1264,1268,324.0,60,60,5,0,1,0,0,0,5,20,10,0,0
293077,3,7,2,1646,1646,1638,338.0,12,13,8,0,1,0,0,0,5,20,12,0,0
105000,1,6,1,1376,968,768,0.0,70,79,5,0,1,0,0,41,5,50,13,0,0
118000,1,7,1,1218,672,672,281.0,48,48,6,0,1,1,0,0,7,160,14,0,0
160000,0,10,2,1928,948,686,0.0,25,104,5,228,2,0,0,0,8,190,14,0,0
197000,2,12,2,3082,1687,824,0.0,50,100,7,0,1,0,397,0,3,75,11,0,0
310000,3,10,2,2520,1352,1338,0.0,27,27,8,0,1,0,0,0,7,60,14,0,0
230000,3,6,2,1654,1654,1654,295.0,18,18,7,0,1,0,0,0,5,20,14,0,0
119750,1,5,1,954,954,920,0.0,70,82,5,0,1,0,0,0,7,30,13,0,0
84000,1,5,1,845,845,0,0.0,63,63,4,0,1,0,0,0,3,20,11,0,0
315500,3,6,2,1620,1620,1620,70.0,12,13,9,0,1,0,0,0,5,20,11,0,0
287000,2,7,2,2263,1055,1055,396.0,18,19,8,0,1,0,0,0,5,60,12,0,0
97000,0,6,1,1344,798,546,0.0,12,50,4,0,1,0,0,0,6,160,11,0,0
80000,1,3,1,630,630,630,0.0,50,50,4,0,1,0,0,0,4,180,11,0,0
155000,2,8,2,1803,1803,1134,67.0,20,63,5,0,1,0,0,682,4,20,14,0,0
173000,2,7,1,1632,800,800,252.0,20,54,6,0,1,1,0,64,8,60,12,0,0
196000,2,5,2,1306,1306,1306,135.0,15,15,6,0,1,0,0,0,5,120,11,0,0
262280,2,10,2,2329,1532,1475,99.0,30,30,7,0,1,0,0,0,5,60,12,0,0
278000,2,9,2,2524,2524,2524,0.0,39,39,8,0,1,0,0,0,5,20,11,0,0
139600,2,8,2,1733,1733,0,0.0,65,65,3,0,1,0,0,0,5,20,11,0,0
556581,3,11,3,2868,1992,1992,208.0,14,15,9,0,1,0,0,0,5,60,14,0,0
145000,2,5,1,990,990,990,0.0,25,26,5,0,1,1,0,0,5,20,12,0,0
115000,2,9,1,1771,1771,0,75.0,14,60,5,0,1,0,0,0,4,20,11,0,0
84900,1,6,1,930,930,0,0.0,14,74,4,0,1,0,0,0,7,20,10,0,0
176485,2,6,2,1302,1302,1302,0.0,13,13,7,0,1,0,0,0,5,20,13,0,0
200141,2,6,2,1316,1316,1316,0.0,13,13,7,0,1,0,0,0,5,20,13,0,0
165000,2,9,1,1977,1127,816,272.0,42,56,6,0,1,1,0,0,6,60,13,0,0
144500,1,7,1,1526,1526,1216,145.0,18,63,5,0,1,0,0,0,6,20,10,0,0
255000,2,7,2,1989,1091,1065,210.0,18,18,8,0,1,0,0,0,5,60,14,0,0
180000,2,7,2,1523,1523,1193,160.0,44,44,6,0,1,1,0,0,5,20,12,0,0
185850,2,6,2,1364,1364,1364,240.0,15,15,7,0,1,0,0,0,5,120,14,0,0
248000,2,7,2,1850,979,973,0.0,26,26,7,0,1,0,0,0,6,60,11,0,0
335000,3,10,2,2184,1130,1104,154.0,12,12,9,0,1,0,0,0,5,60,11,0,0
220000,2,7,1,1991,1096,854,480.0,70,88,6,19,1,0,0,557,7,50,13,0,0
213500,2,6,2,1338,1338,1338,0.0,19,19,8,170,1,0,0,0,5,120,10,0,0
81000,3,6,1,894,894,894,0.0,70,85,3,0,1,0,0,0,4,30,12,560,0
90000,2,10,2,2337,1422,662,0.0,70,120,5,0,2,0,0,0,5,190,13,0,0
110500,2,5,1,1103,1103,1103,0.0,40,95,6,0,1,0,0,0,6,30,14,0,0
154000,2,6,1,1154,1154,1154,200.0,54,54,5,0,1,0,0,230,6,20,11,0,0
328000,2,7,2,2260,1306,1306,0.0,23,24,7,0,1,0,0,0,5,60,10,0,0
178000,2,7,2,1571,799,799,0.0,26,27,6,0,1,0,0,0,7,60,11,0,0
167900,2,7,1,1611,798,780,360.0,56,56,6,0,1,0,0,106,6,60,12,0,0
151400,2,10,2,2521,1291,942,0.0,47,47,6,0,1,0,0,0,4,160,14,0,0
135000,2,4,1,893,893,845,0.0,17,71,5,0,1,1,0,0,7,45,13,0,0
135000,1,6,1,1048,1048,1048,120.0,64,64,5,0,1,0,0,0,5,20,13,0,0
154000,2,8,1,1556,829,727,0.0,52,52,6,0,1,0,0,0,6,60,11,0,0
91500,1,7,1,1456,1002,810,0.0,70,72,5,0,1,1,0,0,3,50,14,0,0
159500,2,6,1,1426,698,690,140.0,43,43,6,0,1,0,0,0,6,60,11,0,0
194000,3,5,2,1240,1240,1240,0.0,14,14,7,0,1,0,0,0,5,20,13,0,0
219500,1,6,1,1740,960,800,0.0,36,80,7,0,1,0,0,0,6,70,13,0,0
170000,2,7,2,1466,1096,796,0.0,31,84,5,0,1,1,0,0,8,50,14,500,0
138800,1,6,1,1096,1096,1096,0.0,51,51,5,0,1,0,0,791,5,20,14,0,0
155900,2,3,1,848,848,848,169.0,16,16,6,0,1,0,0,0,5,120,14,0,0
126000,1,5,1,990,990,990,0.0,26,26,5,0,1,0,0,0,5,20,13,0,0
145000,2,5,2,1258,1258,1258,144.0,16,49,6,0,1,1,0,0,7,20,12,0,216
133000,1,5,1,1040,1040,1040,0.0,57,57,5,220,1,0,0,0,5,20,10,0,0
192000,2,6,2,1459,1459,1459,100.0,18,18,7,0,1,0,0,0,5,20,13,0,0
160000,1,6,1,1251,1251,1251,425.0,56,56,6,0,1,0,0,0,6,20,14,700,0
187500,2,6,2,1498,691,691,0.0,24,25,6,0,1,0,0,0,5,60,14,0,0
147000,2,5,1,996,996,936,0.0,28,28,6,0,1,0,0,0,6,85,10,0,0
83500,1,6,1,1092,546,546,0.0,47,47,4,0,1,0,0,0,5,160,10,0,0
252000,3,9,2,1953,1082,1082,0.0,14,15,8,0,1,0,0,0,5,60,11,0,0
137500,2,7,2,1709,970,970,50.0,16,16,7,0,1,0,0,0,5,160,14,0,0
197000,2,4,1,1247,1247,1247,0.0,15,15,8,0,1,0,0,0,5,120,14,0,0
92900,2,6,2,1040,1040,0,0.0,70,70,3,0,2,0,0,0,4,90,11,0,0
160000,2,4,2,1252,624,600,212.0,20,21,7,0,1,0,0,0,5,160,12,0,0
136500,2,7,2,1694,1390,1181,0.0,70,95,6,128,1,0,0,0,5,50,12,0,0
146000,2,6,1,1200,1200,864,166.0,22,55,5,0,1,0,0,0,8,20,14,0,0
129000,1,4,1,936,936,936,0.0,20,64,5,80,1,0,0,240,7,20,10,0,0
176432,2,6,2,1314,1314,1314,0.0,14,14,6,0,1,0,0,0,5,20,13,0,0
127000,0,7,1,1355,773,684,0.0,14,106,6,115,1,0,0,0,7,70,13,0,0
170000,2,5,1,1088,1088,1074,0.0,34,34,8,137,1,0,0,0,5,120,13,0,0
128000,1,6,1,1324,757,672,0.0,70,84,4,0,1,0,0,0,6,50,11,0,0
157000,2,7,2,1601,1601,1271,206.0,42,42,7,0,1,0,0,0,5,20,11,0,0
60000,1,3,1,438,438,290,0.0,70,100,2,0,1,0,0,0,5,30,11,0,0
119500,1,5,1,950,950,950,0.0,49,49,5,0,1,0,0,287,5,20,13,0,0
135000,1,6,1,1134,1134,1010,45.0,18,60,5,0,1,0,0,0,7,20,13,0,0
159500,2,6,1,1194,1194,655,0.0,61,61,6,192,1,1,0,0,6,20,14,0,0
106000,2,6,2,1302,630,630,304.0,50,50,5,0,1,0,0,0,5,160,13,0,0
325000,2,9,2,2622,1500,1463,362.0,25,26,8,0,1,0,0,0,5,60,10,0,0
179900,2,6,2,1442,1442,910,0.0,29,30,7,0,1,0,0,0,5,20,13,0,0
274725,2,9,2,2021,887,868,0.0,14,14,7,0,1,0,0,0,5,60,14,0,0
181000,2,7,2,1690,948,924,0.0,20,20,6,0,1,0,0,0,5,60,13,0,0
280000,3,7,2,1836,1836,1836,42.0,15,16,8,0,1,0,0,0,5,20,11,0,0
188000,2,8,2,1658,773,773,0.0,24,25,6,0,1,0,0,0,5,60,12,0,0
205000,2,8,2,1964,1098,803,660.0,44,44,7,0,1,0,0,0,6,60,12,0,0
129900,1,5,1,816,816,816,0.0,63,63,5,0,1,0,0,0,7,20,14,0,0
134500,1,6,1,1008,1008,1008,0.0,14,67,5,0,1,0,0,0,7,20,13,0,0
117000,1,4,1,833,833,833,0.0,20,66,5,0,1,0,0,0,7,20,14,0,0
318000,3,7,2,1734,1734,1734,328.0,13,13,8,0,1,0,0,0,5,20,13,0,0
184100,2,7,2,1419,779,408,0.0,18,18,8,0,1,0,0,0,5,80,11,0,0
130000,2,5,1,894,894,894,0.0,17,53,5,0,1,0,0,0,7,20,12,0,0
140000,1,6,1,1601,1021,533,0.0,33,62,5,0,1,1,0,0,6,80,12,0,0
133700,1,6,1,1040,1040,1040,0.0,61,61,5,252,1,0,0,0,5,20,14,0,0
118400,1,6,1,1012,1012,1012,0.0,70,100,6,112,1,0,0,0,5,30,13,0,0
212900,3,7,2,1552,1552,1552,196.0,14,15,7,0,1,0,0,0,5,20,14,0,0
112000,1,5,1,960,960,672,0.0,64,64,4,0,1,0,0,0,3,20,11,0,0
118000,0,4,1,698,698,698,0.0,12,73,5,0,1,1,0,0,9,20,11,0,0
163900,2,7,2,1482,812,384,170.0,28,28,7,0,1,0,0,0,5,80,13,0,0
115000,2,5,1,1005,1005,1005,0.0,65,65,4,0,1,0,0,0,5,20,11,0,0
174000,3,7,2,1555,1555,1373,130.0,13,13,7,0,1,0,0,0,5,120,11,0,0
259000,3,7,2,1530,1530,1530,0.0,16,16,7,0,1,0,0,0,5,20,13,0,0
215000,2,8,2,1959,847,847,0.0,15,16,7,0,1,0,0,0,5,60,13,0,0
140000,2,4,1,936,936,936,180.0,40,40,5,0,1,0,0,0,5,90,13,0,0
135000,2,7,2,1981,1328,1122,0.0,70,92,4,0,1,0,0,0,3,50,11,0,0
93500,0,5,1,974,974,974,0.0,28,29,5,0,1,0,0,0,5,20,13,0,0
117500,1,8,2,2210,1178,1008,0.0,70,140,6,0,1,0,0,0,4,70,13,0,0
239500,2,8,2,2020,1142,1128,0.0,25,25,8,0,1,0,0,0,5,60,11,0,0
169000,2,7,2,1600,916,916,0.0,23,23,6,0,1,0,0,0,5,60,13,0,0
102000,1,5,1,986,986,960,0.0,70,94,6,0,1,0,0,0,5,30,13,0,0
119000,1,6,1,1252,1032,1032,0.0,70,70,6,96,1,0,0,0,5,50,12,0,0
94000,0,6,1,1020,780,780,0.0,24,145,5,176,1,0,0,0,8,50,10,0,0
196000,2,5,2,1567,1567,1567,0.0,43,43,6,0,1,0,0,0,5,20,11,0,0
144000,2,6,1,1167,1167,915,0.0,70,100,5,216,1,0,0,0,5,30,13,0,0
139000,2,4,1,952,952,952,0.0,69,69,5,0,1,0,0,0,7,20,12,0,0
197500,2,9,2,1868,1088,780,44.0,44,44,5,0,1,0,0,0,7,60,11,0,0
424870,3,11,3,2828,1466,1466,340.0,13,14,8,0,1,0,0,0,5,60,13,0,0
80000,0,5,1,1006,1006,1006,0.0,61,61,5,0,1,0,0,0,3,20,12,0,0
80000,1,5,1,924,672,672,0.0,70,79,4,0,1,0,0,0,4,190,10,0,0
149000,1,8,1,1576,1042,1042,0.0,70,92,5,0,1,0,0,0,6,50,14,0,0
180000,2,5,2,1298,1298,1298,85.0,35,35,6,0,1,0,0,0,5,20,14,0,0
174500,1,7,1,1564,860,704,0.0,70,79,7,0,1,0,0,0,7,70,11,0,0
116900,1,5,1,1111,572,572,0.0,70,94,7,176,1,0,0,0,7,50,12,0,0
143000,2,7,1,1482,832,650,0.0,32,100,7,0,1,1,0,0,9,70,11,0,0
124000,1,4,1,932,932,932,0.0,70,70,6,214,1,0,0,0,5,20,13,0,0
149900,2,6,1,1466,1466,1466,132.0,61,61,5,0,1,0,0,0,4,20,14,0,0
230000,2,6,1,1811,1811,1073,0.0,16,64,6,280,1,0,0,547,7,20,14,0,0
120500,1,5,1,816,816,816,0.0,13,90,6,96,1,0,0,0,8,30,12,0,0
201800,2,8,1,1820,902,864,288.0,32,55,7,0,1,0,0,0,6,60,12,0,0
218000,2,6,2,1437,1437,1437,0.0,16,44,5,0,1,0,0,0,8,20,13,0,0
179900,2,6,2,1265,1265,1219,0.0,21,55,5,0,1,1,0,0,8,80,12,0,96
230000,2,6,2,1314,1314,1314,166.0,12,13,7,0,1,0,0,0,5,120,11,0,0
235128,3,7,2,1580,1580,1580,186.0,12,13,8,0,1,0,0,0,5,20,12,0,0
185000,2,8,2,1876,943,901,270.0,46,46,6,0,1,0,0,0,6,60,12,0,0
146000,2,7,2,1456,855,855,0.0,42,42,6,0,1,0,0,0,5,160,10,0,0
224000,2,7,1,1640,1640,1296,72.0,14,66,6,0,1,0,0,0,7,20,12,0,216
129000,2,5,1,894,894,894,0.0,52,52,5,0,1,0,0,0,5,20,13,0,0
108959,2,6,0,1258,1258,1198,0.0,51,51,4,0,2,0,0,0,4,90,12,0,0
194000,2,5,1,1432,1432,1360,0.0,42,42,5,0,1,0,0,391,7,80,13,0,0
233170,2,7,2,1502,1502,1502,268.0,11,11,7,0,1,0,0,0,5,20,11,0,0
245350,3,7,2,1694,1694,1694,72.0,12,12,8,0,1,0,0,0,5,20,10,0,0
173000,2,7,2,1671,959,959,0.0,20,20,6,0,1,0,0,0,5,60,14,0,0
235000,2,7,2,2108,1236,1127,0.0,34,85,6,0,1,0,0,0,7,70,12,0,0
625000,3,10,3,3627,1831,1930,1378.0,24,25,10,0,1,0,0,0,5,60,14,0,0
171000,1,6,1,1118,1118,1096,0.0,43,43,6,0,1,0,0,0,6,80,12,0,0
163000,2,6,1,1261,1261,1261,0.0,62,62,6,0,1,0,0,0,6,20,12,1400,0
171900,2,5,2,1250,625,625,0.0,13,14,7,0,1,0,0,0,5,160,12,0,0
200500,0,12,3,3086,1636,1598,0.0,26,74,5,0,1,0,479,469,6,50,13,0,0
239000,2,9,2,2345,1170,952,0.0,70,88,6,0,1,0,0,0,8,70,14,0,0
285000,2,9,2,2872,2129,1683,337.0,20,28,8,0,1,0,0,0,5,50,13,0,0
119500,1,5,1,923,923,876,0.0,35,36,5,0,1,0,0,0,5,20,12,0,0
115000,1,5,1,1224,818,818,0.0,16,94,6,116,1,0,0,0,8,50,11,0,0
154900,1,7,1,1343,820,731,0.0,70,99,5,102,1,0,0,0,6,50,11,0,0
93000,0,5,1,1124,1124,0,0.0,66,66,5,190,1,0,0,0,5,20,14,0,0
250000,2,8,2,2514,1298,1216,0.0,29,30,7,0,1,0,0,0,5,60,14,0,0
392500,2,5,2,1652,1652,1600,186.0,12,12,8,0,1,1,0,0,5,120,12,0,153
745000,3,10,3,4476,2411,2396,0.0,24,24,10,0,1,0,0,0,5,60,13,0,0
120000,2,5,1,1130,1130,1120,0.0,70,100,5,0,1,0,0,0,6,30,14,0,0
186700,3,5,1,1572,1572,1572,226.0,57,57,5,0,1,0,0,0,4,20,13,0,0
104900,1,7,1,1221,949,784,0.0,70,96,5,236,1,0,0,0,7,50,14,0,0
95000,2,7,2,1699,1014,978,0.0,50,120,3,0,2,0,0,0,5,190,11,0,0
262000,3,5,2,1624,1624,1624,0.0,25,26,8,192,1,0,0,0,5,20,14,0,0
195000,2,7,2,1660,831,831,95.0,18,18,7,0,1,0,0,0,5,60,11,0,0
189000,2,7,2,1804,1028,994,0.0,21,21,7,0,1,0,0,0,5,60,10,0,0
168000,4,7,1,1622,1622,1249,149.0,45,59,4,0,1,0,0,0,4,190,13,0,0
174000,2,5,2,1441,764,776,456.0,20,21,8,0,1,0,0,0,5,160,13,0,0
125000,1,6,1,1472,842,702,0.0,26,95,5,84,1,0,0,0,8,50,13,0,0
165000,2,5,2,1224,1224,1224,425.0,21,21,6,0,1,0,0,0,5,120,11,0,0
158000,1,7,1,1352,663,663,143.0,51,51,6,0,1,0,0,0,7,60,10,0,0
176000,2,8,2,1456,728,728,0.0,15,15,6,0,1,0,0,0,5,60,12,0,0
219210,3,9,2,1863,879,879,0.0,14,14,7,0,1,0,0,0,5,60,14,0,0
144000,1,7,1,1690,815,815,0.0,70,104,7,330,1,0,0,0,6,75,14,0,0
178000,2,6,2,1212,1212,1212,0.0,19,19,7,0,1,0,0,0,5,20,11,0,0
148000,2,6,1,1382,1382,1051,51.0,41,57,4,0,1,0,0,0,5,20,14,0,0
116050,1,5,1,864,864,864,0.0,50,50,4,0,1,0,0,0,5,20,14,0,0
197900,2,6,2,1779,866,866,0.0,22,22,7,0,1,0,0,0,5,60,11,0,0
117000,1,5,1,1348,884,884,0.0,23,95,5,208,1,0,0,0,8,50,11,0,0
213000,2,6,2,1630,1630,1630,171.0,19,20,7,0,1,0,0,0,5,20,11,0,0
153500,2,6,1,1074,1074,1056,0.0,45,45,5,0,1,0,0,0,6,20,14,0,0
271900,3,7,2,2196,2196,2158,234.0,29,30,7,0,1,0,0,177,7,20,11,0,0
107000,1,5,1,1056,1056,1056,0.0,54,54,4,0,1,0,0,0,4,20,14,0,0
200000,2,7,2,1700,1700,1682,120.0,17,17,6,0,1,0,0,0,5,20,14,0,0
140000,2,6,1,1283,1283,931,0.0,40,58,5,0,1,0,0,108,7,20,12,0,0
290000,2,8,2,1660,1660,1660,420.0,14,14,8,0,1,0,0,0,5,20,14,0,0
189000,2,8,2,1845,1055,1055,0.0,28,28,6,0,1,0,0,0,5,60,10,400,0
164000,2,8,2,1752,1080,559,0.0,15,32,8,0,1,0,0,0,7,50,10,0,0
113000,1,4,1,672,672,672,0.0,70,79,4,0,1,0,0,0,6,30,11,0,0
145000,1,3,0,960,960,648,0.0,19,55,4,0,1,1,0,0,9,80,14,0,0
134500,1,6,1,999,999,925,0.0,58,58,5,0,1,0,0,0,5,85,14,0,0
125000,1,5,1,894,894,894,0.0,54,54,5,0,1,0,0,374,5,20,13,0,0
112000,2,8,2,1902,1318,0,0.0,42,42,6,0,2,0,0,0,5,90,10,0,0
229456,2,6,2,1314,1314,1300,72.0,11,11,8,0,1,0,0,0,5,20,11,0,0
80500,0,3,1,912,672,0,0.0,70,73,4,0,1,0,0,0,5,50,14,0,0
91500,0,7,1,1218,672,672,236.0,49,49,6,0,1,0,0,0,5,160,14,0,0
115000,1,5,1,912,912,912,0.0,56,56,5,0,1,0,0,600,5,20,14,0,0
134000,1,5,1,1211,1211,952,0.0,52,52,5,0,1,0,0,492,5,20,12,0,0
143000,1,7,2,1846,1168,1040,320.0,70,71,6,0,1,0,0,0,6,50,13,0,0
137900,2,7,2,2136,2136,2136,44.0,69,69,5,0,1,0,0,0,3,20,14,0,0
184000,2,8,2,1490,788,788,0.0,15,16,7,0,1,0,0,0,5,60,12,0,0
145000,1,6,1,1138,1138,588,63.0,62,62,6,0,1,1,0,0,8,80,13,0,0
214000,3,9,2,1933,894,894,74.0,13,13,6,0,1,0,0,0,5,60,12,0,0
147000,2,5,1,912,912,912,300.0,12,55,5,0,1,0,0,0,8,20,12,0,0
367294,3,7,1,1702,1702,1702,766.0,12,12,9,0,1,0,0,0,5,120,12,0,0
127000,1,7,2,1507,1507,1075,0.0,60,60,5,0,1,0,0,0,5,80,12,0,0
190000,2,12,2,2620,1361,1361,1.0,43,43,5,145,2,0,0,211,5,90,13,8300,0
132500,2,6,1,1190,1190,1106,120.0,58,58,5,0,1,0,0,0,6,90,14,0,0
101800,2,6,2,1224,1224,0,0.0,58,58,4,0,2,0,0,0,5,90,13,0,0
142000,2,6,1,1188,1188,1188,180.0,61,61,5,0,1,0,0,0,5,20,10,0,0
130000,0,7,1,1964,1024,940,0.0,70,109,5,0,1,0,0,0,6,70,12,0,0
138887,1,9,1,1784,892,747,0.0,70,106,5,0,1,0,0,0,5,70,14,0,0
175500,2,6,2,1626,764,764,106.0,17,17,7,0,1,0,0,0,5,160,10,0,0
195000,2,8,2,1948,847,847,0.0,15,16,7,0,1,0,0,0,5,60,14,0,0
142500,2,6,1,1141,1141,1141,0.0,15,15,6,0,1,0,0,0,5,20,14,0,0
265900,2,6,2,1484,1484,1476,32.0,14,14,8,0,1,0,0,0,5,20,13,0,0
224900,2,8,2,1768,884,884,252.0,17,17,7,0,1,0,0,0,5,60,12,0,0
248328,3,7,2,1689,1689,1689,0.0,13,13,7,0,1,0,0,0,6,20,13,0,0
170000,2,6,2,1173,1173,1053,81.0,46,46,7,0,1,0,0,168,6,85,10,0,0
465000,3,7,2,2076,2076,2076,103.685261707989,14,14,10,0,1,0,0,0,5,20,14,0,0
230000,2,7,1,1517,792,792,0.0,70,91,8,0,1,0,0,0,7,70,14,0,0
178000,2,7,3,1868,1140,585,74.0,17,36,6,0,1,0,0,0,7,80,13,0,0
186500,2,6,2,1553,756,756,0.0,14,15,7,0,1,0,0,0,5,60,14,0,0
169900,3,6,1,1034,1034,1012,335.0,44,44,6,0,1,0,0,0,5,80,10,0,0
129500,2,8,1,2058,1134,735,0.0,70,103,6,259,1,0,0,0,5,75,12,0,0
119000,1,6,1,988,988,876,0.0,70,70,5,0,1,0,0,96,7,20,13,0,0
244000,2,8,2,2110,2110,2110,0.0,52,52,7,0,1,0,0,0,5,20,10,0,0
171750,2,6,2,1405,1405,1405,163.0,17,17,7,0,1,0,0,0,5,120,14,0,0
130000,1,5,1,874,874,864,0.0,52,52,5,0,1,0,0,0,6,20,11,600,0
294000,2,9,2,2167,1516,1192,0.0,17,46,7,0,1,0,0,1031,7,60,13,0,0
165400,2,7,2,1656,760,746,92.0,16,17,7,0,1,0,0,0,5,60,12,0,0
127500,1,6,1,1367,959,884,0.0,70,89,6,0,1,0,0,0,6,50,13,0,0
301500,2,7,2,1987,1987,1986,554.0,26,26,8,0,1,0,0,0,5,20,12,0,0
99900,0,4,1,864,864,864,0.0,70,98,5,0,1,0,0,0,8,30,11,0,0
190000,2,5,2,1166,1166,856,182.0,15,15,7,0,1,0,0,0,5,80,12,0,0
151000,2,6,1,1054,1054,1054,0.0,51,51,6,0,1,0,0,438,8,20,12,0,0
181000,2,7,2,1675,892,841,0.0,21,21,6,0,1,0,0,0,5,60,11,0,0
128900,1,5,1,1050,1050,1050,0.0,64,64,5,0,1,0,0,0,6,20,11,0,0
161500,1,8,1,1788,1104,1104,0.0,31,63,4,0,1,0,0,0,5,50,11,0,0
180500,2,8,1,1824,1060,764,0.0,70,101,6,126,1,0,0,0,6,70,13,0,0
181000,2,5,2,1337,1337,1405,0.0,21,22,6,0,1,0,0,0,5,120,12,0,0
183900,2,6,2,1452,713,691,218.0,21,21,7,0,1,0,0,0,5,160,14,0,0
122000,1,9,1,1889,964,925,0.0,70,110,7,264,2,0,0,0,4,190,13,0,0
378500,3,10,2,2018,2018,2002,0.0,11,12,9,0,1,0,0,0,5,20,10,0,0
381000,3,11,3,3447,1968,728,632.0,23,85,8,0,1,0,0,0,9,50,12,0,0
144000,1,7,1,1524,874,874,180.0,62,62,5,0,1,0,0,0,5,50,13,0,0
260000,2,4,0,1524,1332,1332,0.0,41,41,7,0,1,0,0,0,6,40,10,0,0
185750,2,7,2,1489,1489,1489,0.0,52,52,6,0,1,0,0,0,7,20,11,0,0
137000,1,5,1,935,935,935,114.0,55,55,5,0,1,0,0,375,6,20,14,0,0
177000,1,5,1,1357,1357,1019,84.0,14,61,6,0,1,0,0,0,7,80,12,0,0
139000,2,8,2,1250,661,661,0.0,17,110,5,81,1,0,0,0,6,50,13,0,0
137000,2,10,2,1920,928,928,567.0,70,72,5,0,2,0,0,0,5,90,13,0,0
162000,2,6,1,1395,735,723,0.0,48,48,6,0,1,1,0,0,6,60,11,0,0
197900,2,7,1,1724,1724,1680,359.0,44,53,6,0,1,0,0,0,5,80,11,0,0
237000,2,7,2,2031,1128,1128,103.685261707989,18,18,8,0,1,0,0,0,5,60,12,0,0
68400,2,6,1,1128,698,698,0.0,70,100,4,164,1,0,0,0,4,50,10,0,0
227000,2,6,2,1573,1573,1573,110.0,18,18,7,0,1,0,0,0,5,20,11,0,0
180000,2,6,2,1339,1339,1309,54.0,30,30,7,0,1,0,0,0,5,20,14,0,0
150500,2,5,2,1040,1040,1040,0.0,12,43,5,0,1,0,0,144,7,20,11,0,0
139000,0,8,2,1824,912,912,0.0,49,49,6,0,2,0,0,0,5,90,10,0,0
169000,1,10,2,2447,1699,804,0.0,30,101,6,42,1,0,0,0,7,50,10,0,0
132500,1,6,1,1412,825,780,0.0,70,81,6,0,1,0,0,0,6,50,11,0,0
143000,2,6,1,1328,1328,1328,451.0,57,57,6,0,1,0,0,81,5,20,10,0,0
190000,2,7,2,1582,1582,1624,621.0,56,56,5,0,1,1,0,0,5,20,14,0,0
278000,2,5,2,1659,1659,1501,0.0,20,20,8,0,1,0,0,0,5,120,11,0,0
281000,3,8,2,1970,1120,1085,788.0,14,14,8,0,1,0,0,0,5,60,14,0,0
180500,2,6,1,1152,1152,1152,86.0,56,56,5,0,1,0,0,0,7,80,10,0,0
119500,1,6,2,1302,630,630,268.0,48,48,5,0,1,0,0,0,7,160,11,0,0
107500,1,11,2,2372,1378,994,0.0,55,128,5,0,2,0,0,0,4,70,11,0,0
162900,2,8,2,1664,832,832,0.0,44,44,7,0,1,0,0,0,5,60,14,0,0
115000,2,5,1,864,864,864,0.0,30,65,5,0,1,0,0,0,7,20,14,0,0
138500,1,5,1,1052,1052,1052,168.0,52,52,5,0,1,0,0,0,5,20,14,0,0
155000,2,6,2,1128,1128,1120,148.0,57,57,5,123,1,0,0,0,6,20,12,0,0
140000,2,5,2,1072,1072,547,82.0,14,15,6,0,1,0,0,0,5,180,14,0,0
160000,2,12,2,5642,4692,6110,796.0,12,12,10,0,1,0,0,0,5,60,12,0,0
154000,1,6,1,1246,1246,1246,0.0,26,61,5,0,1,0,0,906,7,20,10,0,0
225000,2,9,2,1983,1005,978,344.0,21,21,7,0,1,0,0,0,5,60,11,0,0
177500,1,7,1,1494,753,771,0.0,70,78,6,0,1,0,0,0,7,70,11,0,0
290000,3,8,2,2526,1203,1165,391.0,26,26,8,0,1,0,0,0,5,60,14,0,0
232000,3,7,2,1616,1616,1616,228.0,15,15,7,0,1,0,0,0,5,20,14,0,0
130000,2,7,2,1708,976,976,117.0,16,16,7,0,1,0,0,0,5,160,14,0,0
325000,2,6,2,1652,1652,1652,300.0,13,14,9,0,1,0,0,0,5,20,11,0,0
202500,2,6,2,1368,1368,1368,94.0,14,15,7,0,1,0,0,0,5,120,14,0,0
138000,2,5,1,990,990,990,0.0,25,26,5,0,1,0,0,0,5,20,11,0,0
147000,2,6,1,1122,1122,924,0.0,15,72,5,0,1,0,0,608,7,20,12,0,0
179200,2,6,2,1294,1294,1278,88.0,29,29,6,0,1,0,0,0,5,20,12,0,0
335000,2,7,2,1902,1902,1902,0.0,18,61,7,162,1,0,0,0,8,20,10,0,0
203000,2,6,2,1274,1274,1274,80.0,13,15,7,0,1,0,0,0,5,20,13,0,0
302000,2,9,2,2810,1453,1453,336.0,30,30,8,0,1,0,0,0,5,60,13,0,0
333168,3,10,2,2599,1422,1393,165.0,21,21,9,0,1,0,0,0,5,60,10,0,0
119000,1,5,1,948,948,948,0.0,66,66,4,0,1,0,0,0,6,20,13,0,0
206900,2,9,2,2112,1092,952,0.0,51,51,6,0,1,0,0,276,5,60,12,0,0
295493,3,8,2,1630,1630,1622,270.0,12,12,8,0,1,0,0,0,5,20,11,0,0
208900,2,5,2,1352,1352,1352,0.0,13,14,7,0,1,0,0,0,5,120,13,0,0
275000,3,7,2,1787,1787,1753,178.0,18,19,8,0,1,0,0,0,5,20,14,0,0
111000,1,5,1,948,948,864,132.0,66,66,4,0,1,0,0,0,5,20,13,0,0
156500,2,6,1,1478,1478,1478,0.0,63,63,6,0,1,0,0,661,3,20,11,0,0
72500,1,4,1,720,720,0,0.0,70,71,3,0,1,0,0,0,6,20,12,0,0
190000,2,8,2,1923,1061,750,0.0,28,28,7,0,1,0,0,0,5,60,10,0,0
82500,0,5,1,708,708,420,0.0,70,80,4,0,1,0,0,0,7,30,11,0,0
147000,3,7,2,1795,1795,1795,428.0,13,14,8,0,1,0,0,0,5,20,13,0,0
55000,0,5,1,796,796,796,0.0,70,98,4,100,1,0,0,0,4,30,12,0,0
79000,0,6,1,774,774,544,0.0,14,89,3,286,1,0,0,0,6,30,13,0,0
130500,1,5,1,816,816,816,0.0,12,38,5,0,1,1,0,0,9,20,12,0,0
256000,2,8,2,2792,1584,1510,0.0,70,100,6,0,1,0,0,0,7,50,12,1150,0
176500,2,8,2,1632,955,935,0.0,22,22,7,0,1,0,0,0,5,60,14,0,0
227000,3,7,2,1588,1588,1588,410.0,14,14,8,0,1,0,0,0,5,20,13,0,0
132500,2,6,1,954,954,911,0.0,44,44,5,0,1,0,0,0,5,80,14,0,0
100000,1,3,1,816,816,816,0.0,62,82,4,0,1,0,0,0,6,20,11,0,0
125500,1,6,1,1360,803,803,0.0,25,82,5,190,1,0,0,0,6,50,14,0,0
125000,2,7,1,1365,765,765,312.0,50,50,5,0,1,0,0,0,6,160,11,0,0
167900,2,6,2,1334,1334,1350,360.0,43,43,6,0,1,1,0,0,5,20,11,0,0
135000,2,8,2,1656,1656,1656,564.0,47,47,5,0,2,0,0,0,5,90,12,0,0
52500,0,4,1,693,693,693,0.0,70,79,4,0,1,0,0,0,4,30,14,0,0
200000,2,8,2,1861,920,916,0.0,18,18,7,0,1,0,0,0,5,60,14,0,0
128500,1,5,1,864,864,864,0.0,48,48,5,0,1,0,0,0,7,20,14,0,0
123000,4,5,1,872,872,858,0.0,49,49,4,0,1,0,0,0,5,20,13,0,0
155000,2,6,1,1114,1114,1114,0.0,16,17,6,0,1,0,0,0,5,20,12,0,0
228500,2,7,2,2169,1284,1284,149.0,18,18,8,0,1,0,0,0,5,60,13,0,0
177000,2,9,1,1913,1172,896,0.0,70,92,6,0,1,0,0,0,6,50,11,0,0
155835,2,8,2,1456,728,728,0.0,14,14,7,0,1,0,0,0,5,60,13,0,0
108500,1,5,1,960,960,960,0.0,70,100,4,168,1,0,0,0,4,30,13,0,0
262500,2,9,2,2156,2156,1568,0.0,17,52,7,0,1,0,0,68,7,20,14,0,290
283463,3,7,2,1776,1776,1732,100.0,13,14,8,0,1,0,0,0,5,20,13,0,0
215000,2,5,2,1494,1494,1482,0.0,22,22,7,0,1,0,0,0,5,20,13,0,0
122000,0,8,2,2358,938,684,0.0,33,148,8,20,1,0,205,0,5,70,12,0,0
200000,4,12,2,2634,1338,1248,368.0,51,51,5,0,2,1,0,0,5,90,11,0,0
171000,2,8,1,1716,858,858,318.0,58,58,6,0,1,0,0,0,6,60,12,0,0
134900,2,4,1,1176,786,698,0.0,20,83,6,0,1,0,0,0,9,50,11,0,0
410000,3,9,2,3238,2053,2033,579.0,24,25,8,0,1,0,0,0,5,50,10,0,0
235000,3,7,2,1865,992,992,0.0,20,20,7,0,1,0,0,0,5,60,12,0,0
170000,2,8,3,1920,1222,570,143.0,28,52,7,0,1,0,0,0,6,80,14,0,0
110000,1,5,1,892,892,864,65.0,54,54,5,0,1,0,0,0,5,20,12,0,0
149900,2,6,1,1078,1078,1078,0.0,12,49,5,0,1,0,0,0,6,20,10,0,0
177500,2,5,2,1573,769,756,216.0,20,20,6,0,1,0,0,0,5,160,10,0,0
315000,3,8,2,1980,1980,1980,66.0,15,16,9,0,1,0,0,0,5,20,14,0,0
189000,2,8,3,2601,990,612,0.0,22,99,5,301,1,0,0,0,6,70,12,0,0
260000,2,7,2,1530,1530,1530,16.0,15,15,7,0,1,0,0,0,5,20,11,0,0
104900,1,7,2,1738,1281,715,0.0,13,100,4,0,1,0,0,0,4,50,11,0,0
156932,2,6,2,1412,616,616,0.0,13,14,6,0,1,0,0,0,5,60,13,0,0
144152,2,4,2,1200,520,600,0.0,15,15,7,0,1,0,80,0,5,160,14,0,0
216000,2,7,2,1674,814,814,0.0,20,20,7,0,1,0,0,0,5,60,10,0,0
193000,2,7,2,1790,882,873,158.0,21,21,7,0,1,0,0,0,5,60,12,0,0
127000,1,6,2,1475,925,757,0.0,43,43,5,0,1,0,0,173,6,160,14,0,0
144000,2,4,1,848,848,848,170.0,16,17,6,0,1,0,0,0,5,120,11,0,0
232000,2,8,2,1668,1668,1657,171.0,17,17,8,0,1,0,0,972,5,20,10,0,0
105000,1,6,1,1374,840,840,0.0,70,100,4,198,1,0,0,105,6,50,11,0,0
165500,1,8,1,1661,1661,992,0.0,24,65,6,0,1,0,0,0,6,80,12,0,0
274300,2,8,2,2097,1108,1108,0.0,22,22,7,0,1,0,0,0,6,60,14,0,0
466500,3,8,2,2633,2633,2633,705.0,18,19,10,0,1,0,0,0,5,20,13,0,0
250000,3,9,2,1958,1026,1026,0.0,15,15,7,0,1,0,0,0,5,60,12,0,0
239000,3,7,2,1571,1571,1571,80.0,13,13,8,0,1,0,0,0,5,20,13,0,0
91000,1,4,1,790,790,768,0.0,70,90,6,0,1,0,0,0,5,30,12,0,0
117000,2,6,2,1604,984,984,0.0,60,79,5,0,1,0,0,420,5,50,11,0,0
83000,1,5,1,987,483,483,408.0,47,47,6,0,1,0,0,0,5,160,14,0,0
167500,2,7,2,1394,754,384,0.0,13,14,5,0,1,0,0,0,5,80,12,0,0
58500,1,5,1,864,864,864,0.0,70,106,3,96,1,0,0,0,3,30,10,0,0
237500,2,7,2,2117,2117,1205,0.0,50,50,6,0,1,0,0,0,7,20,12,0,0
157000,2,8,1,1762,998,596,0.0,70,100,7,221,1,0,0,0,7,70,14,0,0
112000,2,7,2,1416,1416,816,0.0,13,102,5,112,1,0,0,0,7,30,13,0,0
105000,1,6,1,1258,698,560,0.0,70,81,6,0,1,0,0,0,5,50,11,0,0
125500,1,7,1,1154,796,796,0.0,13,98,4,0,1,0,0,0,8,50,10,0,0
250000,2,12,3,2784,1392,1392,184.0,42,42,7,0,1,0,0,469,5,60,14,2000,0
136000,1,10,2,2526,1664,714,0.0,70,104,6,0,1,0,0,546,7,50,13,0,0
377500,3,7,2,1746,1746,1746,160.0,13,14,9,0,1,0,0,0,5,20,11,0,0
131000,2,6,1,1218,869,735,0.0,70,79,6,0,1,1,0,0,6,50,13,0,0
235000,2,6,2,1525,1525,1525,244.0,20,20,7,0,1,0,0,0,5,20,14,0,0
124000,3,8,2,1584,1584,1584,0.0,53,53,5,0,2,0,0,0,5,90,11,0,0
123000,1,6,1,900,900,864,0.0,53,53,5,0,1,0,0,0,5,85,14,0,0
163000,2,7,2,1912,1221,482,0.0,20,115,6,212,2,0,0,0,7,190,12,0,0
246578,3,6,2,1500,1500,1356,45.0,14,14,7,0,1,0,0,0,5,120,14,0,0
281213,3,9,2,2482,1133,1094,245.0,14,15,8,0,1,0,0,0,5,60,13,0,0
160000,2,7,1,1687,1687,747,0.0,70,72,5,50,1,0,0,334,5,20,10,0,0
137500,1,8,1,1513,939,939,0.0,16,100,5,150,1,0,0,0,8,70,13,0,0
138000,1,7,1,1904,1136,1208,0.0,38,70,5,168,1,0,0,352,4,50,11,0,0
137450,1,7,2,1608,1160,976,0.0,30,95,6,0,1,0,0,0,6,50,11,0,0
120000,1,5,1,1158,950,862,0.0,70,91,6,112,1,0,0,0,7,50,12,0,0
193000,2,8,2,1593,864,839,0.0,16,16,6,0,1,0,0,0,5,60,12,0,0
193879,2,6,2,1294,1294,1286,0.0,14,14,7,0,1,0,0,0,5,20,14,0,0
282922,3,6,2,1464,1464,1485,84.0,13,13,8,0,1,0,0,0,5,20,13,0,0
105000,3,6,1,1214,694,672,0.0,70,105,3,160,1,0,0,0,4,50,14,0,0
275000,2,5,2,1646,1646,1594,174.0,15,16,8,0,1,1,0,0,5,120,12,0,0
133000,2,5,1,768,768,768,0.0,13,48,5,0,1,0,0,0,7,85,11,0,0
112000,0,5,1,833,833,833,0.0,35,35,5,0,1,0,0,0,5,20,11,0,0
125500,2,6,1,1363,741,622,0.0,70,110,4,0,1,0,0,0,7,70,10,0,0
215000,2,7,2,2093,1236,791,123.0,29,34,7,0,1,0,0,0,6,60,12,0,0
230000,2,6,2,1840,944,944,0.0,19,19,7,0,1,0,0,0,5,60,11,0,0
140000,1,6,1,1668,1112,856,0.0,15,70,6,0,1,0,0,0,8,50,11,0,0
90000,2,6,2,1040,1040,0,0.0,70,71,4,0,2,0,0,0,5,90,11,0,0
257000,2,7,2,1844,1844,1844,366.0,14,15,8,0,1,0,0,0,5,20,11,0,0
207000,2,8,1,1848,1053,833,0.0,20,97,6,0,1,0,0,0,7,50,12,0,0
175900,3,7,2,1569,1569,1386,130.0,13,13,7,0,1,1,0,0,5,120,11,0,0
122500,2,11,2,2290,1246,777,0.0,70,135,4,114,2,0,0,0,6,190,10,0,0
340000,3,7,2,2450,1310,1284,731.0,22,22,8,0,1,0,0,0,5,60,11,0,0
124000,1,6,1,1144,1144,1144,0.0,57,57,5,0,1,0,0,872,5,20,12,0,0
223000,2,7,2,1844,1844,1844,312.0,51,51,6,216,1,0,0,0,5,20,14,0,0
179900,2,7,2,1416,708,708,420.0,52,52,6,0,1,0,0,0,6,60,14,0,0
127500,2,4,2,1069,1069,1069,0.0,43,43,6,0,1,0,0,0,5,120,10,0,0
136500,2,3,1,848,848,848,170.0,17,17,6,0,1,0,0,0,5,120,12,0,0
274970,2,8,2,2201,1575,697,0.0,54,54,6,0,1,0,0,0,7,80,14,0,0
144000,1,6,1,1344,1344,1024,0.0,37,62,5,0,1,0,0,374,5,20,13,0,0
142000,2,7,1,1252,1252,1252,243.0,61,61,6,0,1,0,0,0,6,20,12,0,0
271000,2,5,2,2127,1223,1223,448.0,26,26,7,0,1,0,0,0,5,60,12,0,0
140000,1,6,1,1558,1048,913,0.0,70,75,5,0,1,0,0,0,6,50,12,0,0
119000,1,4,1,804,804,788,294.0,28,80,5,154,1,0,0,0,7,30,10,0,0
182900,2,7,2,1440,1440,1440,310.0,39,39,6,99,1,0,0,0,7,20,13,0,0
192140,2,7,2,1838,734,732,0.0,15,15,5,0,1,0,0,0,5,60,14,0,0
143750,2,5,2,958,958,958,0.0,44,44,6,0,1,0,0,0,6,120,11,0,0
64500,1,5,2,968,968,656,0.0,13,93,4,0,1,0,0,0,6,30,13,0,0
186500,2,8,2,1792,962,936,318.0,20,20,6,0,1,0,0,0,5,60,12,0,0
160000,2,5,2,1126,1126,1126,0.0,43,43,5,0,1,0,0,0,5,20,14,0,0
174000,2,7,1,1537,1537,1319,237.0,15,58,6,0,1,0,0,0,9,20,12,0,0
120500,2,5,1,864,864,864,0.0,49,49,4,0,1,0,0,0,6,20,13,0,0
394617,3,7,2,1932,1932,1932,426.0,12,12,8,0,1,0,0,0,5,20,12,0,304
149700,2,6,1,1236,1236,912,0.0,24,63,6,158,1,0,0,0,7,20,10,0,0
197000,2,6,2,1725,1040,539,96.0,41,41,7,216,1,0,0,110,6,60,13,0,0
191000,2,11,2,2555,1423,588,0.0,26,98,6,0,1,0,384,0,7,70,12,0,0
149300,2,3,1,848,848,848,147.0,16,16,6,0,1,0,0,0,5,120,12,0,0
310000,3,10,2,2007,1026,1017,160.0,12,12,10,0,1,0,0,0,5,60,11,0,0
121000,1,4,1,952,952,952,0.0,70,104,6,0,1,0,0,0,6,30,11,0,0
179600,2,7,2,1422,1422,1422,106.0,16,16,7,0,1,0,0,0,5,20,13,0,0
129000,1,6,1,913,913,814,0.0,54,54,6,252,1,0,0,627,5,85,13,0,0
157900,1,6,1,1188,1188,1188,189.0,58,58,5,0,1,0,0,0,7,20,10,0,0
240000,2,8,2,2090,1220,1220,438.0,24,25,8,0,1,0,0,0,5,60,13,0,0
112000,1,6,1,1346,796,560,0.0,20,110,4,0,1,0,0,0,7,50,13,0,0
92000,0,3,1,630,630,630,0.0,50,50,5,0,1,0,0,0,7,180,14,0,0
136000,0,8,2,1792,896,896,0.0,46,46,5,0,2,0,0,0,5,90,11,0,0
287090,3,7,2,1578,1578,1573,194.0,11,12,8,0,1,0,0,0,5,20,11,0,0
145000,2,5,1,1072,1072,547,80.0,15,15,5,0,1,0,0,0,5,180,14,0,0
84500,0,6,1,1140,1140,1140,0.0,14,14,5,0,1,0,0,0,5,20,14,0,0
185000,2,6,2,1221,1221,1221,0.0,15,16,7,0,1,0,0,0,5,20,11,0,0
175000,2,7,2,1647,953,953,0.0,20,21,6,0,1,0,0,0,5,60,13,0,0
210000,2,7,2,2073,2073,1542,119.0,32,42,6,0,1,0,0,163,6,20,10,0,0
266500,1,9,2,2340,1188,1152,0.0,14,79,7,0,1,0,0,0,9,70,10,2500,0
142125,1,5,1,1078,1078,1078,0.0,24,70,5,112,1,0,0,1029,6,20,10,0,0
147500,1,6,1,1256,1256,1256,0.0,55,55,5,0,1,0,0,290,6,20,12,0,0
